,dia,base_precio,base_dif,base_dif_per,punta_precio,punta_dif,punta_dif_per,request_time
0,2022-01-04,267.66,0.0,0.0,278.74,0.0,0.0,2022-01-02 17:00:01.834816+00:00
1,2022-01-05,267.66,0.0,0.0,278.74,0.0,0.0,2022-01-02 17:00:01.834816+00:00
2,2022-01-06,267.66,0.0,0.0,278.74,0.0,0.0,2022-01-02 17:00:01.834816+00:00
3,2022-01-07,267.66,0.0,0.0,278.74,0.0,0.0,2022-01-02 17:00:01.834816+00:00
4,2022-01-08,201.53,0.0,0.0,,,,2022-01-02 17:00:01.834816+00:00
5,2022-01-09,163.43,0.0,0.0,,,,2022-01-02 17:00:01.834816+00:00
6,2022-01-10,268.69,0.0,0.0,279.81,0.0,0.0,2022-01-02 17:00:01.834816+00:00
7,2022-01-11,268.69,0.0,0.0,279.81,0.0,0.0,2022-01-02 17:00:01.834816+00:00
8,2022-01-12,268.69,0.0,0.0,279.81,0.0,0.0,2022-01-02 17:00:01.834816+00:00
9,2022-01-13,268.69,0.0,0.0,279.81,0.0,0.0,2022-01-02 17:00:01.834816+00:00
10,2022-01-14,268.69,0.0,0.0,279.81,0.0,0.0,2022-01-02 17:00:01.834816+00:00
11,2022-01-15,202.32,0.0,0.0,,,,2022-01-02 17:00:01.834816+00:00
12,2022-01-16,164.06,0.0,0.0,,,,2022-01-02 17:00:01.834816+00:00
13,2022-01-17,258.18,0.0,0.0,268.86,0.0,0.0,2022-01-02 17:00:01.834816+00:00
14,2022-01-18,258.18,0.0,0.0,268.86,0.0,0.0,2022-01-02 17:00:01.834816+00:00
15,2022-01-19,258.18,0.0,0.0,268.86,0.0,0.0,2022-01-02 17:00:01.834816+00:00
16,2022-01-20,258.18,0.0,0.0,268.86,0.0,0.0,2022-01-02 17:00:01.834816+00:00
17,2022-01-21,258.18,0.0,0.0,268.86,0.0,0.0,2022-01-02 17:00:01.834816+00:00
18,2022-01-22,194.4,0.0,0.0,,,,2022-01-02 17:00:01.834816+00:00
19,2022-01-23,157.64,0.0,0.0,,,,2022-01-02 17:00:01.834816+00:00
20,2022-01-24,268.19,0.0,0.0,279.29,0.0,0.0,2022-01-02 17:00:01.834816+00:00
21,2022-01-25,268.19,0.0,0.0,279.29,0.0,0.0,2022-01-02 17:00:01.834816+00:00
22,2022-01-26,268.19,0.0,0.0,279.29,0.0,0.0,2022-01-02 17:00:01.834816+00:00
23,2022-01-27,268.19,0.0,0.0,279.29,0.0,0.0,2022-01-02 17:00:01.834816+00:00
24,2022-01-28,268.19,0.0,0.0,279.29,0.0,0.0,2022-01-02 17:00:01.834816+00:00
25,2022-01-29,201.92,0.0,0.0,,,,2022-01-02 17:00:01.834816+00:00
26,2022-01-30,163.75,0.0,0.0,,,,2022-01-02 17:00:01.834816+00:00
27,2022-01-31,188.14,0.0,0.0,195.92,0.0,0.0,2022-01-02 17:00:01.834816+00:00
28,2022-02-01,270.22,0.0,0.0,281.4,0.0,0.0,2022-01-02 17:00:01.834816+00:00
29,2022-02-02,270.22,0.0,0.0,281.4,0.0,0.0,2022-01-02 17:00:01.834816+00:00
30,2022-02-03,270.22,0.0,0.0,281.4,0.0,0.0,2022-01-02 17:00:01.834816+00:00
31,2022-02-04,270.22,0.0,0.0,281.4,0.0,0.0,2022-01-02 17:00:01.834816+00:00
32,2022-02-05,203.44,0.0,0.0,,,,2022-01-02 17:00:01.834816+00:00
33,2022-02-06,164.99,0.0,0.0,,,,2022-01-02 17:00:01.834816+00:00
34,2022-02-07,270.22,0.0,0.0,281.4,0.0,0.0,2022-01-02 17:00:01.834816+00:00
35,2022-02-08,270.22,0.0,0.0,281.4,0.0,0.0,2022-01-02 17:00:01.834816+00:00
36,2022-02-09,270.22,0.0,0.0,281.4,0.0,0.0,2022-01-02 17:00:01.834816+00:00
37,2022-02-10,270.22,0.0,0.0,281.4,0.0,0.0,2022-01-02 17:00:01.834816+00:00
38,2022-02-11,270.22,0.0,0.0,281.4,0.0,0.0,2022-01-02 17:00:01.834816+00:00
39,2022-02-12,203.44,0.0,0.0,,,,2022-01-02 17:00:01.834816+00:00
40,2022-02-13,164.99,0.0,0.0,,,,2022-01-02 17:00:01.834816+00:00
41,2022-02-14,270.22,0.0,0.0,281.4,0.0,0.0,2022-01-02 17:00:01.834816+00:00
42,2022-02-15,270.22,0.0,0.0,281.4,0.0,0.0,2022-01-02 17:00:01.834816+00:00
43,2022-02-16,270.22,0.0,0.0,281.4,0.0,0.0,2022-01-02 17:00:01.834816+00:00
44,2022-02-17,270.22,0.0,0.0,281.4,0.0,0.0,2022-01-02 17:00:01.834816+00:00
45,2022-02-18,270.22,0.0,0.0,281.4,0.0,0.0,2022-01-02 17:00:01.834816+00:00
46,2022-02-19,203.44,0.0,0.0,,,,2022-01-02 17:00:01.834816+00:00
47,2022-02-20,164.99,0.0,0.0,,,,2022-01-02 17:00:01.834816+00:00
48,2022-02-21,270.22,0.0,0.0,281.4,0.0,0.0,2022-01-02 17:00:01.834816+00:00
49,2022-02-22,270.22,0.0,0.0,281.4,0.0,0.0,2022-01-02 17:00:01.834816+00:00
50,2022-02-23,270.22,0.0,0.0,281.4,0.0,0.0,2022-01-02 17:00:01.834816+00:00
51,2022-02-24,270.22,0.0,0.0,281.4,0.0,0.0,2022-01-02 17:00:01.834816+00:00
52,2022-02-25,270.22,0.0,0.0,281.4,0.0,0.0,2022-01-02 17:00:01.834816+00:00
53,2022-02-26,203.44,0.0,0.0,,,,2022-01-02 17:00:01.834816+00:00
54,2022-02-27,164.99,0.0,0.0,,,,2022-01-02 17:00:01.834816+00:00
55,2022-02-28,270.22,0.0,0.0,281.4,0.0,0.0,2022-01-02 17:00:01.834816+00:00
56,2022-01-04,267.66,0.0,0.0,278.74,0.0,0.0,2022-01-03 17:00:02.361191+00:00
57,2022-01-05,267.66,0.0,0.0,278.74,0.0,0.0,2022-01-03 17:00:02.361191+00:00
58,2022-01-06,267.66,0.0,0.0,278.74,0.0,0.0,2022-01-03 17:00:02.361191+00:00
59,2022-01-07,267.66,0.0,0.0,278.74,0.0,0.0,2022-01-03 17:00:02.361191+00:00
60,2022-01-08,201.53,0.0,0.0,,,,2022-01-03 17:00:02.361191+00:00
61,2022-01-09,163.43,0.0,0.0,,,,2022-01-03 17:00:02.361191+00:00
62,2022-01-10,268.69,0.0,0.0,279.81,0.0,0.0,2022-01-03 17:00:02.361191+00:00
63,2022-01-11,268.69,0.0,0.0,279.81,0.0,0.0,2022-01-03 17:00:02.361191+00:00
64,2022-01-12,268.69,0.0,0.0,279.81,0.0,0.0,2022-01-03 17:00:02.361191+00:00
65,2022-01-13,268.69,0.0,0.0,279.81,0.0,0.0,2022-01-03 17:00:02.361191+00:00
66,2022-01-14,268.69,0.0,0.0,279.81,0.0,0.0,2022-01-03 17:00:02.361191+00:00
67,2022-01-15,202.32,0.0,0.0,,,,2022-01-03 17:00:02.361191+00:00
68,2022-01-16,164.06,0.0,0.0,,,,2022-01-03 17:00:02.361191+00:00
69,2022-01-17,258.18,0.0,0.0,268.86,0.0,0.0,2022-01-03 17:00:02.361191+00:00
70,2022-01-18,258.18,0.0,0.0,268.86,0.0,0.0,2022-01-03 17:00:02.361191+00:00
71,2022-01-19,258.18,0.0,0.0,268.86,0.0,0.0,2022-01-03 17:00:02.361191+00:00
72,2022-01-20,258.18,0.0,0.0,268.86,0.0,0.0,2022-01-03 17:00:02.361191+00:00
73,2022-01-21,258.18,0.0,0.0,268.86,0.0,0.0,2022-01-03 17:00:02.361191+00:00
74,2022-01-22,194.4,0.0,0.0,,,,2022-01-03 17:00:02.361191+00:00
75,2022-01-23,157.64,0.0,0.0,,,,2022-01-03 17:00:02.361191+00:00
76,2022-01-24,268.19,0.0,0.0,279.29,0.0,0.0,2022-01-03 17:00:02.361191+00:00
77,2022-01-25,268.19,0.0,0.0,279.29,0.0,0.0,2022-01-03 17:00:02.361191+00:00
78,2022-01-26,268.19,0.0,0.0,279.29,0.0,0.0,2022-01-03 17:00:02.361191+00:00
79,2022-01-27,268.19,0.0,0.0,279.29,0.0,0.0,2022-01-03 17:00:02.361191+00:00
80,2022-01-28,268.19,0.0,0.0,279.29,0.0,0.0,2022-01-03 17:00:02.361191+00:00
81,2022-01-29,201.92,0.0,0.0,,,,2022-01-03 17:00:02.361191+00:00
82,2022-01-30,163.75,0.0,0.0,,,,2022-01-03 17:00:02.361191+00:00
83,2022-01-31,188.14,0.0,0.0,195.92,0.0,0.0,2022-01-03 17:00:02.361191+00:00
84,2022-02-01,270.22,0.0,0.0,281.4,0.0,0.0,2022-01-03 17:00:02.361191+00:00
85,2022-02-02,270.22,0.0,0.0,281.4,0.0,0.0,2022-01-03 17:00:02.361191+00:00
86,2022-02-03,270.22,0.0,0.0,281.4,0.0,0.0,2022-01-03 17:00:02.361191+00:00
87,2022-02-04,270.22,0.0,0.0,281.4,0.0,0.0,2022-01-03 17:00:02.361191+00:00
88,2022-02-05,203.44,0.0,0.0,,,,2022-01-03 17:00:02.361191+00:00
89,2022-02-06,164.99,0.0,0.0,,,,2022-01-03 17:00:02.361191+00:00
90,2022-02-07,270.22,0.0,0.0,281.4,0.0,0.0,2022-01-03 17:00:02.361191+00:00
91,2022-02-08,270.22,0.0,0.0,281.4,0.0,0.0,2022-01-03 17:00:02.361191+00:00
92,2022-02-09,270.22,0.0,0.0,281.4,0.0,0.0,2022-01-03 17:00:02.361191+00:00
93,2022-02-10,270.22,0.0,0.0,281.4,0.0,0.0,2022-01-03 17:00:02.361191+00:00
94,2022-02-11,270.22,0.0,0.0,281.4,0.0,0.0,2022-01-03 17:00:02.361191+00:00
95,2022-02-12,203.44,0.0,0.0,,,,2022-01-03 17:00:02.361191+00:00
96,2022-02-13,164.99,0.0,0.0,,,,2022-01-03 17:00:02.361191+00:00
97,2022-02-14,270.22,0.0,0.0,281.4,0.0,0.0,2022-01-03 17:00:02.361191+00:00
98,2022-02-15,270.22,0.0,0.0,281.4,0.0,0.0,2022-01-03 17:00:02.361191+00:00
99,2022-02-16,270.22,0.0,0.0,281.4,0.0,0.0,2022-01-03 17:00:02.361191+00:00
100,2022-02-17,270.22,0.0,0.0,281.4,0.0,0.0,2022-01-03 17:00:02.361191+00:00
101,2022-02-18,270.22,0.0,0.0,281.4,0.0,0.0,2022-01-03 17:00:02.361191+00:00
102,2022-02-19,203.44,0.0,0.0,,,,2022-01-03 17:00:02.361191+00:00
103,2022-02-20,164.99,0.0,0.0,,,,2022-01-03 17:00:02.361191+00:00
104,2022-02-21,270.22,0.0,0.0,281.4,0.0,0.0,2022-01-03 17:00:02.361191+00:00
105,2022-02-22,270.22,0.0,0.0,281.4,0.0,0.0,2022-01-03 17:00:02.361191+00:00
106,2022-02-23,270.22,0.0,0.0,281.4,0.0,0.0,2022-01-03 17:00:02.361191+00:00
107,2022-02-24,270.22,0.0,0.0,281.4,0.0,0.0,2022-01-03 17:00:02.361191+00:00
108,2022-02-25,270.22,0.0,0.0,281.4,0.0,0.0,2022-01-03 17:00:02.361191+00:00
109,2022-02-26,203.44,0.0,0.0,,,,2022-01-03 17:00:02.361191+00:00
110,2022-02-27,164.99,0.0,0.0,,,,2022-01-03 17:00:02.361191+00:00
111,2022-02-28,270.22,0.0,0.0,281.4,0.0,0.0,2022-01-03 17:00:02.361191+00:00
112,2022-01-04,152.15,-115.51,-43.16,175.73,-103.01,-36.96,2022-01-04 10:03:50.813884+00:00
113,2022-01-05,152.15,-115.51,-43.16,158.44,-120.3,-43.16,2022-01-04 10:03:50.813884+00:00
114,2022-01-06,152.15,-115.51,-43.16,158.44,-120.3,-43.16,2022-01-04 10:03:50.813884+00:00
115,2022-01-07,152.15,-115.51,-43.16,158.44,-120.3,-43.16,2022-01-04 10:03:50.813884+00:00
116,2022-01-08,201.52,-0.01,0.0,,,,2022-01-04 10:03:50.813884+00:00
117,2022-01-09,163.44,0.01,0.01,,,,2022-01-04 10:03:50.813884+00:00
118,2022-01-10,223.97,-44.72,-16.64,233.24,-46.57,-16.64,2022-01-04 10:03:50.813884+00:00
119,2022-01-11,223.97,-44.72,-16.64,233.24,-46.57,-16.64,2022-01-04 10:03:50.813884+00:00
120,2022-01-12,223.97,-44.72,-16.64,233.24,-46.57,-16.64,2022-01-04 10:03:50.813884+00:00
121,2022-01-13,223.97,-44.72,-16.64,233.24,-46.57,-16.64,2022-01-04 10:03:50.813884+00:00
122,2022-01-14,223.97,-44.72,-16.64,233.24,-46.57,-16.64,2022-01-04 10:03:50.813884+00:00
123,2022-01-15,168.64,-33.68,-16.65,,,,2022-01-04 10:03:50.813884+00:00
124,2022-01-16,136.76,-27.3,-16.64,,,,2022-01-04 10:03:50.813884+00:00
125,2022-01-17,213.47,-44.71,-17.32,222.3,-46.56,-17.32,2022-01-04 10:03:50.813884+00:00
126,2022-01-18,213.47,-44.71,-17.32,222.3,-46.56,-17.32,2022-01-04 10:03:50.813884+00:00
127,2022-01-19,213.47,-44.71,-17.32,222.3,-46.56,-17.32,2022-01-04 10:03:50.813884+00:00
128,2022-01-20,213.47,-44.71,-17.32,222.3,-46.56,-17.32,2022-01-04 10:03:50.813884+00:00
129,2022-01-21,213.47,-44.71,-17.32,222.3,-46.56,-17.32,2022-01-04 10:03:50.813884+00:00
130,2022-01-22,160.72,-33.68,-17.33,,,,2022-01-04 10:03:50.813884+00:00
131,2022-01-23,130.34,-27.3,-17.32,,,,2022-01-04 10:03:50.813884+00:00
132,2022-01-24,223.47,-44.72,-16.67,232.72,-46.57,-16.67,2022-01-04 10:03:50.813884+00:00
133,2022-01-25,223.47,-44.72,-16.67,232.72,-46.57,-16.67,2022-01-04 10:03:50.813884+00:00
134,2022-01-26,223.47,-44.72,-16.67,232.72,-46.57,-16.67,2022-01-04 10:03:50.813884+00:00
135,2022-01-27,223.47,-44.72,-16.67,232.72,-46.57,-16.67,2022-01-04 10:03:50.813884+00:00
136,2022-01-28,223.47,-44.72,-16.67,232.72,-46.57,-16.67,2022-01-04 10:03:50.813884+00:00
137,2022-01-29,168.25,-33.67,-16.67,,,,2022-01-04 10:03:50.813884+00:00
138,2022-01-30,136.45,-27.3,-16.67,,,,2022-01-04 10:03:50.813884+00:00
139,2022-01-31,223.47,35.33,18.78,232.72,36.8,18.78,2022-01-04 10:03:50.813884+00:00
140,2022-02-01,225.5,-44.72,-16.55,234.83,-46.57,-16.55,2022-01-04 10:03:50.813884+00:00
141,2022-02-02,225.5,-44.72,-16.55,234.83,-46.57,-16.55,2022-01-04 10:03:50.813884+00:00
142,2022-02-03,225.5,-44.72,-16.55,234.83,-46.57,-16.55,2022-01-04 10:03:50.813884+00:00
143,2022-02-04,225.5,-44.72,-16.55,234.83,-46.57,-16.55,2022-01-04 10:03:50.813884+00:00
144,2022-02-05,169.78,-33.66,-16.55,,,,2022-01-04 10:03:50.813884+00:00
145,2022-02-06,137.69,-27.3,-16.55,,,,2022-01-04 10:03:50.813884+00:00
146,2022-02-07,225.5,-44.72,-16.55,234.83,-46.57,-16.55,2022-01-04 10:03:50.813884+00:00
147,2022-02-08,225.5,-44.72,-16.55,234.83,-46.57,-16.55,2022-01-04 10:03:50.813884+00:00
148,2022-02-09,225.5,-44.72,-16.55,234.83,-46.57,-16.55,2022-01-04 10:03:50.813884+00:00
149,2022-02-10,225.5,-44.72,-16.55,234.83,-46.57,-16.55,2022-01-04 10:03:50.813884+00:00
150,2022-02-11,225.5,-44.72,-16.55,234.83,-46.57,-16.55,2022-01-04 10:03:50.813884+00:00
151,2022-02-12,169.78,-33.66,-16.55,,,,2022-01-04 10:03:50.813884+00:00
152,2022-02-13,137.69,-27.3,-16.55,,,,2022-01-04 10:03:50.813884+00:00
153,2022-02-14,225.5,-44.72,-16.55,234.83,-46.57,-16.55,2022-01-04 10:03:50.813884+00:00
154,2022-02-15,225.5,-44.72,-16.55,234.83,-46.57,-16.55,2022-01-04 10:03:50.813884+00:00
155,2022-02-16,225.5,-44.72,-16.55,234.83,-46.57,-16.55,2022-01-04 10:03:50.813884+00:00
156,2022-02-17,225.5,-44.72,-16.55,234.83,-46.57,-16.55,2022-01-04 10:03:50.813884+00:00
157,2022-02-18,225.5,-44.72,-16.55,234.83,-46.57,-16.55,2022-01-04 10:03:50.813884+00:00
158,2022-02-19,169.78,-33.66,-16.55,,,,2022-01-04 10:03:50.813884+00:00
159,2022-02-20,137.69,-27.3,-16.55,,,,2022-01-04 10:03:50.813884+00:00
160,2022-02-21,225.5,-44.72,-16.55,234.83,-46.57,-16.55,2022-01-04 10:03:50.813884+00:00
161,2022-02-22,225.5,-44.72,-16.55,234.83,-46.57,-16.55,2022-01-04 10:03:50.813884+00:00
162,2022-02-23,225.5,-44.72,-16.55,234.83,-46.57,-16.55,2022-01-04 10:03:50.813884+00:00
163,2022-02-24,225.5,-44.72,-16.55,234.83,-46.57,-16.55,2022-01-04 10:03:50.813884+00:00
164,2022-02-25,225.5,-44.72,-16.55,234.83,-46.57,-16.55,2022-01-04 10:03:50.813884+00:00
165,2022-02-26,169.78,-33.66,-16.55,,,,2022-01-04 10:03:50.813884+00:00
166,2022-02-27,137.69,-27.3,-16.55,,,,2022-01-04 10:03:50.813884+00:00
167,2022-02-28,225.5,-44.72,-16.55,234.83,-46.57,-16.55,2022-01-04 10:03:50.813884+00:00
168,2022-01-05,180.2,28.05,18.44,210.2,51.76,32.67,2022-01-05 09:00:01.544073+00:00
169,2022-01-06,180.2,28.05,18.44,187.66,29.22,18.44,2022-01-05 09:00:01.544073+00:00
170,2022-01-07,180.2,28.05,18.44,187.66,29.22,18.44,2022-01-05 09:00:01.544073+00:00
171,2022-01-08,201.52,0.0,0.0,,,,2022-01-05 09:00:01.544073+00:00
172,2022-01-09,163.44,0.0,0.0,,,,2022-01-05 09:00:01.544073+00:00
173,2022-01-10,253.0,29.03,12.96,263.47,30.23,12.96,2022-01-05 09:00:01.544073+00:00
174,2022-01-11,253.0,29.03,12.96,263.47,30.23,12.96,2022-01-05 09:00:01.544073+00:00
175,2022-01-12,253.0,29.03,12.96,263.47,30.23,12.96,2022-01-05 09:00:01.544073+00:00
176,2022-01-13,253.0,29.03,12.96,263.47,30.23,12.96,2022-01-05 09:00:01.544073+00:00
177,2022-01-14,253.0,29.03,12.96,263.47,30.23,12.96,2022-01-05 09:00:01.544073+00:00
178,2022-01-15,190.5,21.86,12.96,,,,2022-01-05 09:00:01.544073+00:00
179,2022-01-16,154.48,17.72,12.96,,,,2022-01-05 09:00:01.544073+00:00
180,2022-01-17,209.0,-4.47,-2.09,217.65,-4.65,-2.09,2022-01-05 09:00:01.544073+00:00
181,2022-01-18,209.0,-4.47,-2.09,217.65,-4.65,-2.09,2022-01-05 09:00:01.544073+00:00
182,2022-01-19,209.0,-4.47,-2.09,217.65,-4.65,-2.09,2022-01-05 09:00:01.544073+00:00
183,2022-01-20,209.0,-4.47,-2.09,217.65,-4.65,-2.09,2022-01-05 09:00:01.544073+00:00
184,2022-01-21,209.0,-4.47,-2.09,217.65,-4.65,-2.09,2022-01-05 09:00:01.544073+00:00
185,2022-01-22,157.37,-3.35,-2.08,,,,2022-01-05 09:00:01.544073+00:00
186,2022-01-23,127.61,-2.73,-2.09,,,,2022-01-05 09:00:01.544073+00:00
187,2022-01-24,255.37,31.9,14.27,265.94,33.22,14.27,2022-01-05 09:00:01.544073+00:00
188,2022-01-25,255.37,31.9,14.27,265.94,33.22,14.27,2022-01-05 09:00:01.544073+00:00
189,2022-01-26,255.37,31.9,14.27,265.94,33.22,14.27,2022-01-05 09:00:01.544073+00:00
190,2022-01-27,255.37,31.9,14.27,265.94,33.22,14.27,2022-01-05 09:00:01.544073+00:00
191,2022-01-28,255.37,31.9,14.27,265.94,33.22,14.27,2022-01-05 09:00:01.544073+00:00
192,2022-01-29,192.27,24.02,14.28,,,,2022-01-05 09:00:01.544073+00:00
193,2022-01-30,155.93,19.48,14.28,,,,2022-01-05 09:00:01.544073+00:00
194,2022-01-31,257.08,33.61,15.04,267.72,35.0,15.04,2022-01-05 09:00:01.544073+00:00
195,2022-02-01,257.08,31.58,14.0,267.72,32.89,14.01,2022-01-05 09:00:01.544073+00:00
196,2022-02-02,257.08,31.58,14.0,267.72,32.89,14.01,2022-01-05 09:00:01.544073+00:00
197,2022-02-03,257.08,31.58,14.0,267.72,32.89,14.01,2022-01-05 09:00:01.544073+00:00
198,2022-02-04,257.08,31.58,14.0,267.72,32.89,14.01,2022-01-05 09:00:01.544073+00:00
199,2022-02-05,193.56,23.78,14.01,,,,2022-01-05 09:00:01.544073+00:00
200,2022-02-06,156.98,19.29,14.01,,,,2022-01-05 09:00:01.544073+00:00
201,2022-02-07,257.49,31.99,14.19,268.15,33.32,14.19,2022-01-05 09:00:01.544073+00:00
202,2022-02-08,257.49,31.99,14.19,268.15,33.32,14.19,2022-01-05 09:00:01.544073+00:00
203,2022-02-09,257.49,31.99,14.19,268.15,33.32,14.19,2022-01-05 09:00:01.544073+00:00
204,2022-02-10,257.49,31.99,14.19,268.15,33.32,14.19,2022-01-05 09:00:01.544073+00:00
205,2022-02-11,257.49,31.99,14.19,268.15,33.32,14.19,2022-01-05 09:00:01.544073+00:00
206,2022-02-12,193.86,24.08,14.18,,,,2022-01-05 09:00:01.544073+00:00
207,2022-02-13,157.22,19.53,14.18,,,,2022-01-05 09:00:01.544073+00:00
208,2022-02-14,257.49,31.99,14.19,268.15,33.32,14.19,2022-01-05 09:00:01.544073+00:00
209,2022-02-15,257.49,31.99,14.19,268.15,33.32,14.19,2022-01-05 09:00:01.544073+00:00
210,2022-02-16,257.49,31.99,14.19,268.15,33.32,14.19,2022-01-05 09:00:01.544073+00:00
211,2022-02-17,257.49,31.99,14.19,268.15,33.32,14.19,2022-01-05 09:00:01.544073+00:00
212,2022-02-18,257.49,31.99,14.19,268.15,33.32,14.19,2022-01-05 09:00:01.544073+00:00
213,2022-02-19,193.86,24.08,14.18,,,,2022-01-05 09:00:01.544073+00:00
214,2022-02-20,157.22,19.53,14.18,,,,2022-01-05 09:00:01.544073+00:00
215,2022-02-21,257.49,31.99,14.19,268.15,33.32,14.19,2022-01-05 09:00:01.544073+00:00
216,2022-02-22,257.49,31.99,14.19,268.15,33.32,14.19,2022-01-05 09:00:01.544073+00:00
217,2022-02-23,257.49,31.99,14.19,268.15,33.32,14.19,2022-01-05 09:00:01.544073+00:00
218,2022-02-24,257.49,31.99,14.19,268.15,33.32,14.19,2022-01-05 09:00:01.544073+00:00
219,2022-02-25,257.49,31.99,14.19,268.15,33.32,14.19,2022-01-05 09:00:01.544073+00:00
220,2022-02-26,193.86,24.08,14.18,,,,2022-01-05 09:00:01.544073+00:00
221,2022-02-27,157.22,19.53,14.18,,,,2022-01-05 09:00:01.544073+00:00
222,2022-02-28,257.49,31.99,14.19,268.15,33.32,14.19,2022-01-05 09:00:01.544073+00:00
223,2022-01-06,212.98,32.78,18.19,219.56,31.9,17.0,2022-01-06 06:00:02.260685+00:00
224,2022-01-07,212.98,32.78,18.19,221.79,34.13,18.19,2022-01-06 06:00:02.260685+00:00
225,2022-01-08,201.52,0.0,0.0,,,,2022-01-06 06:00:02.260685+00:00
226,2022-01-09,163.44,0.0,0.0,,,,2022-01-06 06:00:02.260685+00:00
227,2022-01-10,251.9,-1.1,-0.43,262.32,-1.15,-0.44,2022-01-06 06:00:02.260685+00:00
228,2022-01-11,251.9,-1.1,-0.43,262.32,-1.15,-0.44,2022-01-06 06:00:02.260685+00:00
229,2022-01-12,251.9,-1.1,-0.43,262.32,-1.15,-0.44,2022-01-06 06:00:02.260685+00:00
230,2022-01-13,251.9,-1.1,-0.43,262.32,-1.15,-0.44,2022-01-06 06:00:02.260685+00:00
231,2022-01-14,251.9,-1.1,-0.43,262.32,-1.15,-0.44,2022-01-06 06:00:02.260685+00:00
232,2022-01-15,189.67,-0.83,-0.44,,,,2022-01-06 06:00:02.260685+00:00
233,2022-01-16,153.81,-0.67,-0.43,,,,2022-01-06 06:00:02.260685+00:00
234,2022-01-17,207.9,-1.1,-0.53,216.5,-1.15,-0.53,2022-01-06 06:00:02.260685+00:00
235,2022-01-18,207.9,-1.1,-0.53,216.5,-1.15,-0.53,2022-01-06 06:00:02.260685+00:00
236,2022-01-19,207.9,-1.1,-0.53,216.5,-1.15,-0.53,2022-01-06 06:00:02.260685+00:00
237,2022-01-20,207.9,-1.1,-0.53,216.5,-1.15,-0.53,2022-01-06 06:00:02.260685+00:00
238,2022-01-21,207.9,-1.1,-0.53,216.5,-1.15,-0.53,2022-01-06 06:00:02.260685+00:00
239,2022-01-22,156.54,-0.83,-0.53,,,,2022-01-06 06:00:02.260685+00:00
240,2022-01-23,126.94,-0.67,-0.53,,,,2022-01-06 06:00:02.260685+00:00
241,2022-01-24,254.27,-1.1,-0.43,264.79,-1.15,-0.43,2022-01-06 06:00:02.260685+00:00
242,2022-01-25,254.27,-1.1,-0.43,264.79,-1.15,-0.43,2022-01-06 06:00:02.260685+00:00
243,2022-01-26,254.27,-1.1,-0.43,264.79,-1.15,-0.43,2022-01-06 06:00:02.260685+00:00
244,2022-01-27,254.27,-1.1,-0.43,264.79,-1.15,-0.43,2022-01-06 06:00:02.260685+00:00
245,2022-01-28,254.27,-1.1,-0.43,264.79,-1.15,-0.43,2022-01-06 06:00:02.260685+00:00
246,2022-01-29,191.45,-0.82,-0.43,,,,2022-01-06 06:00:02.260685+00:00
247,2022-01-30,155.25,-0.68,-0.44,,,,2022-01-06 06:00:02.260685+00:00
248,2022-01-31,255.99,-1.09,-0.42,266.58,-1.14,-0.43,2022-01-06 06:00:02.260685+00:00
249,2022-02-01,255.99,-1.09,-0.42,266.58,-1.14,-0.43,2022-01-06 06:00:02.260685+00:00
250,2022-02-02,255.99,-1.09,-0.42,266.58,-1.14,-0.43,2022-01-06 06:00:02.260685+00:00
251,2022-02-03,255.99,-1.09,-0.42,266.58,-1.14,-0.43,2022-01-06 06:00:02.260685+00:00
252,2022-02-04,255.99,-1.09,-0.42,266.58,-1.14,-0.43,2022-01-06 06:00:02.260685+00:00
253,2022-02-05,192.73,-0.83,-0.43,,,,2022-01-06 06:00:02.260685+00:00
254,2022-02-06,156.3,-0.68,-0.43,,,,2022-01-06 06:00:02.260685+00:00
255,2022-02-07,256.39,-1.1,-0.43,267.0,-1.15,-0.43,2022-01-06 06:00:02.260685+00:00
256,2022-02-08,256.39,-1.1,-0.43,267.0,-1.15,-0.43,2022-01-06 06:00:02.260685+00:00
257,2022-02-09,256.39,-1.1,-0.43,267.0,-1.15,-0.43,2022-01-06 06:00:02.260685+00:00
258,2022-02-10,256.39,-1.1,-0.43,267.0,-1.15,-0.43,2022-01-06 06:00:02.260685+00:00
259,2022-02-11,256.39,-1.1,-0.43,267.0,-1.15,-0.43,2022-01-06 06:00:02.260685+00:00
260,2022-02-12,193.03,-0.83,-0.43,,,,2022-01-06 06:00:02.260685+00:00
261,2022-02-13,156.55,-0.67,-0.43,,,,2022-01-06 06:00:02.260685+00:00
262,2022-02-14,256.39,-1.1,-0.43,267.0,-1.15,-0.43,2022-01-06 06:00:02.260685+00:00
263,2022-02-15,256.39,-1.1,-0.43,267.0,-1.15,-0.43,2022-01-06 06:00:02.260685+00:00
264,2022-02-16,256.39,-1.1,-0.43,267.0,-1.15,-0.43,2022-01-06 06:00:02.260685+00:00
265,2022-02-17,256.39,-1.1,-0.43,267.0,-1.15,-0.43,2022-01-06 06:00:02.260685+00:00
266,2022-02-18,256.39,-1.1,-0.43,267.0,-1.15,-0.43,2022-01-06 06:00:02.260685+00:00
267,2022-02-19,193.03,-0.83,-0.43,,,,2022-01-06 06:00:02.260685+00:00
268,2022-02-20,156.55,-0.67,-0.43,,,,2022-01-06 06:00:02.260685+00:00
269,2022-02-21,256.39,-1.1,-0.43,267.0,-1.15,-0.43,2022-01-06 06:00:02.260685+00:00
270,2022-02-22,256.39,-1.1,-0.43,267.0,-1.15,-0.43,2022-01-06 06:00:02.260685+00:00
271,2022-02-23,256.39,-1.1,-0.43,267.0,-1.15,-0.43,2022-01-06 06:00:02.260685+00:00
272,2022-02-24,256.39,-1.1,-0.43,267.0,-1.15,-0.43,2022-01-06 06:00:02.260685+00:00
273,2022-02-25,256.39,-1.1,-0.43,267.0,-1.15,-0.43,2022-01-06 06:00:02.260685+00:00
274,2022-02-26,193.03,-0.83,-0.43,,,,2022-01-06 06:00:02.260685+00:00
275,2022-02-27,156.55,-0.67,-0.43,,,,2022-01-06 06:00:02.260685+00:00
276,2022-02-28,256.39,-1.1,-0.43,267.0,-1.15,-0.43,2022-01-06 06:00:02.260685+00:00
277,2022-01-07,215.86,2.88,1.35,232.15,10.36,4.67,2022-01-07 06:00:01.785063+00:00
278,2022-01-08,201.52,0.0,0.0,,,,2022-01-07 06:00:01.785063+00:00
279,2022-01-09,163.44,0.0,0.0,,,,2022-01-07 06:00:01.785063+00:00
280,2022-01-10,253.0,1.1,0.44,263.47,1.15,0.44,2022-01-07 06:00:01.785063+00:00
281,2022-01-11,253.0,1.1,0.44,263.47,1.15,0.44,2022-01-07 06:00:01.785063+00:00
282,2022-01-12,253.0,1.1,0.44,263.47,1.15,0.44,2022-01-07 06:00:01.785063+00:00
283,2022-01-13,253.0,1.1,0.44,263.47,1.15,0.44,2022-01-07 06:00:01.785063+00:00
284,2022-01-14,253.0,1.1,0.44,263.47,1.15,0.44,2022-01-07 06:00:01.785063+00:00
285,2022-01-15,190.5,0.83,0.44,,,,2022-01-07 06:00:01.785063+00:00
286,2022-01-16,154.48,0.67,0.44,,,,2022-01-07 06:00:01.785063+00:00
287,2022-01-17,206.8,-1.1,-0.53,215.36,-1.14,-0.53,2022-01-07 06:00:01.785063+00:00
288,2022-01-18,206.8,-1.1,-0.53,215.36,-1.14,-0.53,2022-01-07 06:00:01.785063+00:00
289,2022-01-19,206.8,-1.1,-0.53,215.36,-1.14,-0.53,2022-01-07 06:00:01.785063+00:00
290,2022-01-20,206.8,-1.1,-0.53,215.36,-1.14,-0.53,2022-01-07 06:00:01.785063+00:00
291,2022-01-21,206.8,-1.1,-0.53,215.36,-1.14,-0.53,2022-01-07 06:00:01.785063+00:00
292,2022-01-22,155.71,-0.83,-0.53,,,,2022-01-07 06:00:01.785063+00:00
293,2022-01-23,126.27,-0.67,-0.53,,,,2022-01-07 06:00:01.785063+00:00
294,2022-01-24,253.17,-1.1,-0.43,263.65,-1.14,-0.43,2022-01-07 06:00:01.785063+00:00
295,2022-01-25,253.17,-1.1,-0.43,263.65,-1.14,-0.43,2022-01-07 06:00:01.785063+00:00
296,2022-01-26,253.17,-1.1,-0.43,263.65,-1.14,-0.43,2022-01-07 06:00:01.785063+00:00
297,2022-01-27,253.17,-1.1,-0.43,263.65,-1.14,-0.43,2022-01-07 06:00:01.785063+00:00
298,2022-01-28,253.17,-1.1,-0.43,263.65,-1.14,-0.43,2022-01-07 06:00:01.785063+00:00
299,2022-01-29,190.62,-0.83,-0.43,,,,2022-01-07 06:00:01.785063+00:00
300,2022-01-30,154.58,-0.67,-0.43,,,,2022-01-07 06:00:01.785063+00:00
301,2022-01-31,254.89,-1.1,-0.43,265.44,-1.14,-0.43,2022-01-07 06:00:01.785063+00:00
302,2022-02-01,254.89,-1.1,-0.43,265.44,-1.14,-0.43,2022-01-07 06:00:01.785063+00:00
303,2022-02-02,254.89,-1.1,-0.43,265.44,-1.14,-0.43,2022-01-07 06:00:01.785063+00:00
304,2022-02-03,254.89,-1.1,-0.43,265.44,-1.14,-0.43,2022-01-07 06:00:01.785063+00:00
305,2022-02-04,254.89,-1.1,-0.43,265.44,-1.14,-0.43,2022-01-07 06:00:01.785063+00:00
306,2022-02-05,191.9,-0.83,-0.43,,,,2022-01-07 06:00:01.785063+00:00
307,2022-02-06,155.63,-0.67,-0.43,,,,2022-01-07 06:00:01.785063+00:00
308,2022-02-07,255.29,-1.1,-0.43,265.85,-1.15,-0.43,2022-01-07 06:00:01.785063+00:00
309,2022-02-08,255.29,-1.1,-0.43,265.85,-1.15,-0.43,2022-01-07 06:00:01.785063+00:00
310,2022-02-09,255.29,-1.1,-0.43,265.85,-1.15,-0.43,2022-01-07 06:00:01.785063+00:00
311,2022-02-10,255.29,-1.1,-0.43,265.85,-1.15,-0.43,2022-01-07 06:00:01.785063+00:00
312,2022-02-11,255.29,-1.1,-0.43,265.85,-1.15,-0.43,2022-01-07 06:00:01.785063+00:00
313,2022-02-12,192.2,-0.83,-0.43,,,,2022-01-07 06:00:01.785063+00:00
314,2022-02-13,155.88,-0.67,-0.43,,,,2022-01-07 06:00:01.785063+00:00
315,2022-02-14,255.29,-1.1,-0.43,265.85,-1.15,-0.43,2022-01-07 06:00:01.785063+00:00
316,2022-02-15,255.29,-1.1,-0.43,265.85,-1.15,-0.43,2022-01-07 06:00:01.785063+00:00
317,2022-02-16,255.29,-1.1,-0.43,265.85,-1.15,-0.43,2022-01-07 06:00:01.785063+00:00
318,2022-02-17,255.29,-1.1,-0.43,265.85,-1.15,-0.43,2022-01-07 06:00:01.785063+00:00
319,2022-02-18,255.29,-1.1,-0.43,265.85,-1.15,-0.43,2022-01-07 06:00:01.785063+00:00
320,2022-02-19,192.2,-0.83,-0.43,,,,2022-01-07 06:00:01.785063+00:00
321,2022-02-20,155.88,-0.67,-0.43,,,,2022-01-07 06:00:01.785063+00:00
322,2022-02-21,255.29,-1.1,-0.43,265.85,-1.15,-0.43,2022-01-07 06:00:01.785063+00:00
323,2022-02-22,255.29,-1.1,-0.43,265.85,-1.15,-0.43,2022-01-07 06:00:01.785063+00:00
324,2022-02-23,255.29,-1.1,-0.43,265.85,-1.15,-0.43,2022-01-07 06:00:01.785063+00:00
325,2022-02-24,255.29,-1.1,-0.43,265.85,-1.15,-0.43,2022-01-07 06:00:01.785063+00:00
326,2022-02-25,255.29,-1.1,-0.43,265.85,-1.15,-0.43,2022-01-07 06:00:01.785063+00:00
327,2022-02-26,192.2,-0.83,-0.43,,,,2022-01-07 06:00:01.785063+00:00
328,2022-02-27,155.88,-0.67,-0.43,,,,2022-01-07 06:00:01.785063+00:00
329,2022-02-28,255.29,-1.1,-0.43,265.85,-1.15,-0.43,2022-01-07 06:00:01.785063+00:00
330,2022-01-08,203.45,1.93,0.96,,,,2022-01-08 06:00:01.779704+00:00
331,2022-01-09,151.0,-12.44,-7.61,,,,2022-01-08 06:00:01.779704+00:00
332,2022-01-10,239.8,-13.2,-5.22,249.72,-13.75,-5.22,2022-01-08 06:00:01.779704+00:00
333,2022-01-11,239.8,-13.2,-5.22,249.72,-13.75,-5.22,2022-01-08 06:00:01.779704+00:00
334,2022-01-12,239.8,-13.2,-5.22,249.72,-13.75,-5.22,2022-01-08 06:00:01.779704+00:00
335,2022-01-13,239.8,-13.2,-5.22,249.72,-13.75,-5.22,2022-01-08 06:00:01.779704+00:00
336,2022-01-14,239.8,-13.2,-5.22,249.72,-13.75,-5.22,2022-01-08 06:00:01.779704+00:00
337,2022-01-15,180.56,-9.94,-5.22,,,,2022-01-08 06:00:01.779704+00:00
338,2022-01-16,146.42,-8.06,-5.22,,,,2022-01-08 06:00:01.779704+00:00
339,2022-01-17,193.6,-13.2,-6.38,201.61,-13.75,-6.38,2022-01-08 06:00:01.779704+00:00
340,2022-01-18,193.6,-13.2,-6.38,201.61,-13.75,-6.38,2022-01-08 06:00:01.779704+00:00
341,2022-01-19,193.6,-13.2,-6.38,201.61,-13.75,-6.38,2022-01-08 06:00:01.779704+00:00
342,2022-01-20,193.6,-13.2,-6.38,201.61,-13.75,-6.38,2022-01-08 06:00:01.779704+00:00
343,2022-01-21,193.6,-13.2,-6.38,201.61,-13.75,-6.38,2022-01-08 06:00:01.779704+00:00
344,2022-01-22,145.77,-9.94,-6.38,,,,2022-01-08 06:00:01.779704+00:00
345,2022-01-23,118.21,-8.06,-6.38,,,,2022-01-08 06:00:01.779704+00:00
346,2022-01-24,239.97,-13.2,-5.21,249.9,-13.75,-5.22,2022-01-08 06:00:01.779704+00:00
347,2022-01-25,239.97,-13.2,-5.21,249.9,-13.75,-5.22,2022-01-08 06:00:01.779704+00:00
348,2022-01-26,239.97,-13.2,-5.21,249.9,-13.75,-5.22,2022-01-08 06:00:01.779704+00:00
349,2022-01-27,239.97,-13.2,-5.21,249.9,-13.75,-5.22,2022-01-08 06:00:01.779704+00:00
350,2022-01-28,239.97,-13.2,-5.21,249.9,-13.75,-5.22,2022-01-08 06:00:01.779704+00:00
351,2022-01-29,180.68,-9.94,-5.21,,,,2022-01-08 06:00:01.779704+00:00
352,2022-01-30,146.52,-8.06,-5.21,,,,2022-01-08 06:00:01.779704+00:00
353,2022-01-31,241.69,-13.2,-5.18,251.69,-13.75,-5.18,2022-01-08 06:00:01.779704+00:00
354,2022-02-01,241.69,-13.2,-5.18,251.69,-13.75,-5.18,2022-01-08 06:00:01.779704+00:00
355,2022-02-02,241.69,-13.2,-5.18,251.69,-13.75,-5.18,2022-01-08 06:00:01.779704+00:00
356,2022-02-03,241.69,-13.2,-5.18,251.69,-13.75,-5.18,2022-01-08 06:00:01.779704+00:00
357,2022-02-04,241.69,-13.2,-5.18,251.69,-13.75,-5.18,2022-01-08 06:00:01.779704+00:00
358,2022-02-05,181.96,-9.94,-5.18,,,,2022-01-08 06:00:01.779704+00:00
359,2022-02-06,147.57,-8.06,-5.18,,,,2022-01-08 06:00:01.779704+00:00
360,2022-02-07,242.09,-13.2,-5.17,252.11,-13.74,-5.17,2022-01-08 06:00:01.779704+00:00
361,2022-02-08,242.09,-13.2,-5.17,252.11,-13.74,-5.17,2022-01-08 06:00:01.779704+00:00
362,2022-02-09,242.09,-13.2,-5.17,252.11,-13.74,-5.17,2022-01-08 06:00:01.779704+00:00
363,2022-02-10,242.09,-13.2,-5.17,252.11,-13.74,-5.17,2022-01-08 06:00:01.779704+00:00
364,2022-02-11,242.09,-13.2,-5.17,252.11,-13.74,-5.17,2022-01-08 06:00:01.779704+00:00
365,2022-02-12,182.27,-9.93,-5.17,,,,2022-01-08 06:00:01.779704+00:00
366,2022-02-13,147.82,-8.06,-5.17,,,,2022-01-08 06:00:01.779704+00:00
367,2022-02-14,242.09,-13.2,-5.17,252.11,-13.74,-5.17,2022-01-08 06:00:01.779704+00:00
368,2022-02-15,242.09,-13.2,-5.17,252.11,-13.74,-5.17,2022-01-08 06:00:01.779704+00:00
369,2022-02-16,242.09,-13.2,-5.17,252.11,-13.74,-5.17,2022-01-08 06:00:01.779704+00:00
370,2022-02-17,242.09,-13.2,-5.17,252.11,-13.74,-5.17,2022-01-08 06:00:01.779704+00:00
371,2022-02-18,242.09,-13.2,-5.17,252.11,-13.74,-5.17,2022-01-08 06:00:01.779704+00:00
372,2022-02-19,182.27,-9.93,-5.17,,,,2022-01-08 06:00:01.779704+00:00
373,2022-02-20,147.82,-8.06,-5.17,,,,2022-01-08 06:00:01.779704+00:00
374,2022-02-21,242.09,-13.2,-5.17,252.11,-13.74,-5.17,2022-01-08 06:00:01.779704+00:00
375,2022-02-22,242.09,-13.2,-5.17,252.11,-13.74,-5.17,2022-01-08 06:00:01.779704+00:00
376,2022-02-23,242.09,-13.2,-5.17,252.11,-13.74,-5.17,2022-01-08 06:00:01.779704+00:00
377,2022-02-24,242.09,-13.2,-5.17,252.11,-13.74,-5.17,2022-01-08 06:00:01.779704+00:00
378,2022-02-25,242.09,-13.2,-5.17,252.11,-13.74,-5.17,2022-01-08 06:00:01.779704+00:00
379,2022-02-26,182.27,-9.93,-5.17,,,,2022-01-08 06:00:01.779704+00:00
380,2022-02-27,147.82,-8.06,-5.17,,,,2022-01-08 06:00:01.779704+00:00
381,2022-02-28,242.09,-13.2,-5.17,252.11,-13.74,-5.17,2022-01-08 06:00:01.779704+00:00
382,2022-01-08,203.45,1.93,0.96,,,,2022-01-09 06:00:01.590743+00:00
383,2022-01-09,151.0,-12.44,-7.61,,,,2022-01-09 06:00:01.590743+00:00
384,2022-01-10,239.8,-13.2,-5.22,249.72,-13.75,-5.22,2022-01-09 06:00:01.590743+00:00
385,2022-01-11,239.8,-13.2,-5.22,249.72,-13.75,-5.22,2022-01-09 06:00:01.590743+00:00
386,2022-01-12,239.8,-13.2,-5.22,249.72,-13.75,-5.22,2022-01-09 06:00:01.590743+00:00
387,2022-01-13,239.8,-13.2,-5.22,249.72,-13.75,-5.22,2022-01-09 06:00:01.590743+00:00
388,2022-01-14,239.8,-13.2,-5.22,249.72,-13.75,-5.22,2022-01-09 06:00:01.590743+00:00
389,2022-01-15,180.56,-9.94,-5.22,,,,2022-01-09 06:00:01.590743+00:00
390,2022-01-16,146.42,-8.06,-5.22,,,,2022-01-09 06:00:01.590743+00:00
391,2022-01-17,193.6,-13.2,-6.38,201.61,-13.75,-6.38,2022-01-09 06:00:01.590743+00:00
392,2022-01-18,193.6,-13.2,-6.38,201.61,-13.75,-6.38,2022-01-09 06:00:01.590743+00:00
393,2022-01-19,193.6,-13.2,-6.38,201.61,-13.75,-6.38,2022-01-09 06:00:01.590743+00:00
394,2022-01-20,193.6,-13.2,-6.38,201.61,-13.75,-6.38,2022-01-09 06:00:01.590743+00:00
395,2022-01-21,193.6,-13.2,-6.38,201.61,-13.75,-6.38,2022-01-09 06:00:01.590743+00:00
396,2022-01-22,145.77,-9.94,-6.38,,,,2022-01-09 06:00:01.590743+00:00
397,2022-01-23,118.21,-8.06,-6.38,,,,2022-01-09 06:00:01.590743+00:00
398,2022-01-24,239.97,-13.2,-5.21,249.9,-13.75,-5.22,2022-01-09 06:00:01.590743+00:00
399,2022-01-25,239.97,-13.2,-5.21,249.9,-13.75,-5.22,2022-01-09 06:00:01.590743+00:00
400,2022-01-26,239.97,-13.2,-5.21,249.9,-13.75,-5.22,2022-01-09 06:00:01.590743+00:00
401,2022-01-27,239.97,-13.2,-5.21,249.9,-13.75,-5.22,2022-01-09 06:00:01.590743+00:00
402,2022-01-28,239.97,-13.2,-5.21,249.9,-13.75,-5.22,2022-01-09 06:00:01.590743+00:00
403,2022-01-29,180.68,-9.94,-5.21,,,,2022-01-09 06:00:01.590743+00:00
404,2022-01-30,146.52,-8.06,-5.21,,,,2022-01-09 06:00:01.590743+00:00
405,2022-01-31,241.69,-13.2,-5.18,251.69,-13.75,-5.18,2022-01-09 06:00:01.590743+00:00
406,2022-02-01,241.69,-13.2,-5.18,251.69,-13.75,-5.18,2022-01-09 06:00:01.590743+00:00
407,2022-02-02,241.69,-13.2,-5.18,251.69,-13.75,-5.18,2022-01-09 06:00:01.590743+00:00
408,2022-02-03,241.69,-13.2,-5.18,251.69,-13.75,-5.18,2022-01-09 06:00:01.590743+00:00
409,2022-02-04,241.69,-13.2,-5.18,251.69,-13.75,-5.18,2022-01-09 06:00:01.590743+00:00
410,2022-02-05,181.96,-9.94,-5.18,,,,2022-01-09 06:00:01.590743+00:00
411,2022-02-06,147.57,-8.06,-5.18,,,,2022-01-09 06:00:01.590743+00:00
412,2022-02-07,242.09,-13.2,-5.17,252.11,-13.74,-5.17,2022-01-09 06:00:01.590743+00:00
413,2022-02-08,242.09,-13.2,-5.17,252.11,-13.74,-5.17,2022-01-09 06:00:01.590743+00:00
414,2022-02-09,242.09,-13.2,-5.17,252.11,-13.74,-5.17,2022-01-09 06:00:01.590743+00:00
415,2022-02-10,242.09,-13.2,-5.17,252.11,-13.74,-5.17,2022-01-09 06:00:01.590743+00:00
416,2022-02-11,242.09,-13.2,-5.17,252.11,-13.74,-5.17,2022-01-09 06:00:01.590743+00:00
417,2022-02-12,182.27,-9.93,-5.17,,,,2022-01-09 06:00:01.590743+00:00
418,2022-02-13,147.82,-8.06,-5.17,,,,2022-01-09 06:00:01.590743+00:00
419,2022-02-14,242.09,-13.2,-5.17,252.11,-13.74,-5.17,2022-01-09 06:00:01.590743+00:00
420,2022-02-15,242.09,-13.2,-5.17,252.11,-13.74,-5.17,2022-01-09 06:00:01.590743+00:00
421,2022-02-16,242.09,-13.2,-5.17,252.11,-13.74,-5.17,2022-01-09 06:00:01.590743+00:00
422,2022-02-17,242.09,-13.2,-5.17,252.11,-13.74,-5.17,2022-01-09 06:00:01.590743+00:00
423,2022-02-18,242.09,-13.2,-5.17,252.11,-13.74,-5.17,2022-01-09 06:00:01.590743+00:00
424,2022-02-19,182.27,-9.93,-5.17,,,,2022-01-09 06:00:01.590743+00:00
425,2022-02-20,147.82,-8.06,-5.17,,,,2022-01-09 06:00:01.590743+00:00
426,2022-02-21,242.09,-13.2,-5.17,252.11,-13.74,-5.17,2022-01-09 06:00:01.590743+00:00
427,2022-02-22,242.09,-13.2,-5.17,252.11,-13.74,-5.17,2022-01-09 06:00:01.590743+00:00
428,2022-02-23,242.09,-13.2,-5.17,252.11,-13.74,-5.17,2022-01-09 06:00:01.590743+00:00
429,2022-02-24,242.09,-13.2,-5.17,252.11,-13.74,-5.17,2022-01-09 06:00:01.590743+00:00
430,2022-02-25,242.09,-13.2,-5.17,252.11,-13.74,-5.17,2022-01-09 06:00:01.590743+00:00
431,2022-02-26,182.27,-9.93,-5.17,,,,2022-01-09 06:00:01.590743+00:00
432,2022-02-27,147.82,-8.06,-5.17,,,,2022-01-09 06:00:01.590743+00:00
433,2022-02-28,242.09,-13.2,-5.17,252.11,-13.74,-5.17,2022-01-09 06:00:01.590743+00:00
434,2022-01-08,203.45,1.93,0.96,,,,2022-01-10 06:00:02.349286+00:00
435,2022-01-09,151.0,-12.44,-7.61,,,,2022-01-10 06:00:02.349286+00:00
436,2022-01-10,239.8,-13.2,-5.22,249.72,-13.75,-5.22,2022-01-10 06:00:02.349286+00:00
437,2022-01-11,239.8,-13.2,-5.22,249.72,-13.75,-5.22,2022-01-10 06:00:02.349286+00:00
438,2022-01-12,239.8,-13.2,-5.22,249.72,-13.75,-5.22,2022-01-10 06:00:02.349286+00:00
439,2022-01-13,239.8,-13.2,-5.22,249.72,-13.75,-5.22,2022-01-10 06:00:02.349286+00:00
440,2022-01-14,239.8,-13.2,-5.22,249.72,-13.75,-5.22,2022-01-10 06:00:02.349286+00:00
441,2022-01-15,180.56,-9.94,-5.22,,,,2022-01-10 06:00:02.349286+00:00
442,2022-01-16,146.42,-8.06,-5.22,,,,2022-01-10 06:00:02.349286+00:00
443,2022-01-17,193.6,-13.2,-6.38,201.61,-13.75,-6.38,2022-01-10 06:00:02.349286+00:00
444,2022-01-18,193.6,-13.2,-6.38,201.61,-13.75,-6.38,2022-01-10 06:00:02.349286+00:00
445,2022-01-19,193.6,-13.2,-6.38,201.61,-13.75,-6.38,2022-01-10 06:00:02.349286+00:00
446,2022-01-20,193.6,-13.2,-6.38,201.61,-13.75,-6.38,2022-01-10 06:00:02.349286+00:00
447,2022-01-21,193.6,-13.2,-6.38,201.61,-13.75,-6.38,2022-01-10 06:00:02.349286+00:00
448,2022-01-22,145.77,-9.94,-6.38,,,,2022-01-10 06:00:02.349286+00:00
449,2022-01-23,118.21,-8.06,-6.38,,,,2022-01-10 06:00:02.349286+00:00
450,2022-01-24,239.97,-13.2,-5.21,249.9,-13.75,-5.22,2022-01-10 06:00:02.349286+00:00
451,2022-01-25,239.97,-13.2,-5.21,249.9,-13.75,-5.22,2022-01-10 06:00:02.349286+00:00
452,2022-01-26,239.97,-13.2,-5.21,249.9,-13.75,-5.22,2022-01-10 06:00:02.349286+00:00
453,2022-01-27,239.97,-13.2,-5.21,249.9,-13.75,-5.22,2022-01-10 06:00:02.349286+00:00
454,2022-01-28,239.97,-13.2,-5.21,249.9,-13.75,-5.22,2022-01-10 06:00:02.349286+00:00
455,2022-01-29,180.68,-9.94,-5.21,,,,2022-01-10 06:00:02.349286+00:00
456,2022-01-30,146.52,-8.06,-5.21,,,,2022-01-10 06:00:02.349286+00:00
457,2022-01-31,241.69,-13.2,-5.18,251.69,-13.75,-5.18,2022-01-10 06:00:02.349286+00:00
458,2022-02-01,241.69,-13.2,-5.18,251.69,-13.75,-5.18,2022-01-10 06:00:02.349286+00:00
459,2022-02-02,241.69,-13.2,-5.18,251.69,-13.75,-5.18,2022-01-10 06:00:02.349286+00:00
460,2022-02-03,241.69,-13.2,-5.18,251.69,-13.75,-5.18,2022-01-10 06:00:02.349286+00:00
461,2022-02-04,241.69,-13.2,-5.18,251.69,-13.75,-5.18,2022-01-10 06:00:02.349286+00:00
462,2022-02-05,181.96,-9.94,-5.18,,,,2022-01-10 06:00:02.349286+00:00
463,2022-02-06,147.57,-8.06,-5.18,,,,2022-01-10 06:00:02.349286+00:00
464,2022-02-07,242.09,-13.2,-5.17,252.11,-13.74,-5.17,2022-01-10 06:00:02.349286+00:00
465,2022-02-08,242.09,-13.2,-5.17,252.11,-13.74,-5.17,2022-01-10 06:00:02.349286+00:00
466,2022-02-09,242.09,-13.2,-5.17,252.11,-13.74,-5.17,2022-01-10 06:00:02.349286+00:00
467,2022-02-10,242.09,-13.2,-5.17,252.11,-13.74,-5.17,2022-01-10 06:00:02.349286+00:00
468,2022-02-11,242.09,-13.2,-5.17,252.11,-13.74,-5.17,2022-01-10 06:00:02.349286+00:00
469,2022-02-12,182.27,-9.93,-5.17,,,,2022-01-10 06:00:02.349286+00:00
470,2022-02-13,147.82,-8.06,-5.17,,,,2022-01-10 06:00:02.349286+00:00
471,2022-02-14,242.09,-13.2,-5.17,252.11,-13.74,-5.17,2022-01-10 06:00:02.349286+00:00
472,2022-02-15,242.09,-13.2,-5.17,252.11,-13.74,-5.17,2022-01-10 06:00:02.349286+00:00
473,2022-02-16,242.09,-13.2,-5.17,252.11,-13.74,-5.17,2022-01-10 06:00:02.349286+00:00
474,2022-02-17,242.09,-13.2,-5.17,252.11,-13.74,-5.17,2022-01-10 06:00:02.349286+00:00
475,2022-02-18,242.09,-13.2,-5.17,252.11,-13.74,-5.17,2022-01-10 06:00:02.349286+00:00
476,2022-02-19,182.27,-9.93,-5.17,,,,2022-01-10 06:00:02.349286+00:00
477,2022-02-20,147.82,-8.06,-5.17,,,,2022-01-10 06:00:02.349286+00:00
478,2022-02-21,242.09,-13.2,-5.17,252.11,-13.74,-5.17,2022-01-10 06:00:02.349286+00:00
479,2022-02-22,242.09,-13.2,-5.17,252.11,-13.74,-5.17,2022-01-10 06:00:02.349286+00:00
480,2022-02-23,242.09,-13.2,-5.17,252.11,-13.74,-5.17,2022-01-10 06:00:02.349286+00:00
481,2022-02-24,242.09,-13.2,-5.17,252.11,-13.74,-5.17,2022-01-10 06:00:02.349286+00:00
482,2022-02-25,242.09,-13.2,-5.17,252.11,-13.74,-5.17,2022-01-10 06:00:02.349286+00:00
483,2022-02-26,182.27,-9.93,-5.17,,,,2022-01-10 06:00:02.349286+00:00
484,2022-02-27,147.82,-8.06,-5.17,,,,2022-01-10 06:00:02.349286+00:00
485,2022-02-28,242.09,-13.2,-5.17,252.11,-13.74,-5.17,2022-01-10 06:00:02.349286+00:00
486,2022-01-11,223.16,-16.64,-6.94,229.9,-19.82,-7.94,2022-01-11 06:00:02.393559+00:00
487,2022-01-12,223.16,-16.64,-6.94,228.18,-21.54,-8.63,2022-01-11 06:00:02.393559+00:00
488,2022-01-13,223.16,-16.64,-6.94,228.18,-21.54,-8.63,2022-01-11 06:00:02.393559+00:00
489,2022-01-14,223.16,-16.64,-6.94,228.18,-21.54,-8.63,2022-01-11 06:00:02.393559+00:00
490,2022-01-15,176.9,-3.66,-2.03,,,,2022-01-11 06:00:02.393559+00:00
491,2022-01-16,150.08,3.66,2.5,,,,2022-01-11 06:00:02.393559+00:00
492,2022-01-17,179.65,-13.95,-7.21,183.69,-17.92,-8.89,2022-01-11 06:00:02.393559+00:00
493,2022-01-18,179.65,-13.95,-7.21,183.69,-17.92,-8.89,2022-01-11 06:00:02.393559+00:00
494,2022-01-19,179.65,-13.95,-7.21,183.69,-17.92,-8.89,2022-01-11 06:00:02.393559+00:00
495,2022-01-20,179.65,-13.95,-7.21,183.69,-17.92,-8.89,2022-01-11 06:00:02.393559+00:00
496,2022-01-21,179.65,-13.95,-7.21,183.69,-17.92,-8.89,2022-01-11 06:00:02.393559+00:00
497,2022-01-22,144.57,-1.2,-0.82,,,,2022-01-11 06:00:02.393559+00:00
498,2022-01-23,122.65,4.44,3.76,,,,2022-01-11 06:00:02.393559+00:00
499,2022-01-24,225.13,-14.84,-6.18,230.19,-19.71,-7.89,2022-01-11 06:00:02.393559+00:00
500,2022-01-25,225.13,-14.84,-6.18,230.19,-19.71,-7.89,2022-01-11 06:00:02.393559+00:00
501,2022-01-26,225.13,-14.84,-6.18,230.19,-19.71,-7.89,2022-01-11 06:00:02.393559+00:00
502,2022-01-27,225.13,-14.84,-6.18,230.19,-19.71,-7.89,2022-01-11 06:00:02.393559+00:00
503,2022-01-28,225.13,-14.84,-6.18,230.19,-19.71,-7.89,2022-01-11 06:00:02.393559+00:00
504,2022-01-29,181.18,0.5,0.28,,,,2022-01-11 06:00:02.393559+00:00
505,2022-01-30,153.7,7.18,4.9,,,,2022-01-11 06:00:02.393559+00:00
506,2022-01-31,226.82,-14.87,-6.15,231.92,-19.77,-7.85,2022-01-11 06:00:02.393559+00:00
507,2022-02-01,226.82,-14.87,-6.15,231.92,-19.77,-7.85,2022-01-11 06:00:02.393559+00:00
508,2022-02-02,226.82,-14.87,-6.15,231.92,-19.77,-7.85,2022-01-11 06:00:02.393559+00:00
509,2022-02-03,226.82,-14.87,-6.15,231.92,-19.77,-7.85,2022-01-11 06:00:02.393559+00:00
510,2022-02-04,226.82,-14.87,-6.15,231.92,-19.77,-7.85,2022-01-11 06:00:02.393559+00:00
511,2022-02-05,182.53,0.57,0.31,,,,2022-01-11 06:00:02.393559+00:00
512,2022-02-06,154.85,7.28,4.93,,,,2022-01-11 06:00:02.393559+00:00
513,2022-02-07,227.21,-14.88,-6.15,232.32,-19.79,-7.85,2022-01-11 06:00:02.393559+00:00
514,2022-02-08,227.21,-14.88,-6.15,232.32,-19.79,-7.85,2022-01-11 06:00:02.393559+00:00
515,2022-02-09,227.21,-14.88,-6.15,232.32,-19.79,-7.85,2022-01-11 06:00:02.393559+00:00
516,2022-02-10,227.21,-14.88,-6.15,232.32,-19.79,-7.85,2022-01-11 06:00:02.393559+00:00
517,2022-02-11,227.21,-14.88,-6.15,232.32,-19.79,-7.85,2022-01-11 06:00:02.393559+00:00
518,2022-02-12,182.83,0.56,0.31,,,,2022-01-11 06:00:02.393559+00:00
519,2022-02-13,155.12,7.3,4.94,,,,2022-01-11 06:00:02.393559+00:00
520,2022-02-14,227.21,-14.88,-6.15,232.32,-19.79,-7.85,2022-01-11 06:00:02.393559+00:00
521,2022-02-15,227.21,-14.88,-6.15,232.32,-19.79,-7.85,2022-01-11 06:00:02.393559+00:00
522,2022-02-16,227.21,-14.88,-6.15,232.32,-19.79,-7.85,2022-01-11 06:00:02.393559+00:00
523,2022-02-17,227.21,-14.88,-6.15,232.32,-19.79,-7.85,2022-01-11 06:00:02.393559+00:00
524,2022-02-18,227.21,-14.88,-6.15,232.32,-19.79,-7.85,2022-01-11 06:00:02.393559+00:00
525,2022-02-19,182.83,0.56,0.31,,,,2022-01-11 06:00:02.393559+00:00
526,2022-02-20,155.12,7.3,4.94,,,,2022-01-11 06:00:02.393559+00:00
527,2022-02-21,227.21,-14.88,-6.15,232.32,-19.79,-7.85,2022-01-11 06:00:02.393559+00:00
528,2022-02-22,227.21,-14.88,-6.15,232.32,-19.79,-7.85,2022-01-11 06:00:02.393559+00:00
529,2022-02-23,227.21,-14.88,-6.15,232.32,-19.79,-7.85,2022-01-11 06:00:02.393559+00:00
530,2022-02-24,227.21,-14.88,-6.15,232.32,-19.79,-7.85,2022-01-11 06:00:02.393559+00:00
531,2022-02-25,227.21,-14.88,-6.15,232.32,-19.79,-7.85,2022-01-11 06:00:02.393559+00:00
532,2022-02-26,182.83,0.56,0.31,,,,2022-01-11 06:00:02.393559+00:00
533,2022-02-27,155.12,7.3,4.94,,,,2022-01-11 06:00:02.393559+00:00
534,2022-02-28,227.21,-14.88,-6.15,232.32,-19.79,-7.85,2022-01-11 06:00:02.393559+00:00
535,2022-01-12,206.07,-17.09,-7.66,212.87,-15.31,-6.71,2022-01-12 06:00:02.430831+00:00
536,2022-01-13,206.07,-17.09,-7.66,210.7,-17.48,-7.66,2022-01-12 06:00:02.430831+00:00
537,2022-01-14,206.07,-17.09,-7.66,210.7,-17.48,-7.66,2022-01-12 06:00:02.430831+00:00
538,2022-01-15,176.9,0.0,0.0,,,,2022-01-12 06:00:02.430831+00:00
539,2022-01-16,150.08,0.0,0.0,,,,2022-01-12 06:00:02.430831+00:00
540,2022-01-17,159.69,-19.96,-11.11,163.28,-20.41,-11.11,2022-01-12 06:00:02.430831+00:00
541,2022-01-18,159.69,-19.96,-11.11,163.28,-20.41,-11.11,2022-01-12 06:00:02.430831+00:00
542,2022-01-19,159.69,-19.96,-11.11,163.28,-20.41,-11.11,2022-01-12 06:00:02.430831+00:00
543,2022-01-20,159.69,-19.96,-11.11,163.28,-20.41,-11.11,2022-01-12 06:00:02.430831+00:00
544,2022-01-21,159.69,-19.96,-11.11,163.28,-20.41,-11.11,2022-01-12 06:00:02.430831+00:00
545,2022-01-22,128.5,-16.07,-11.12,,,,2022-01-12 06:00:02.430831+00:00
546,2022-01-23,109.02,-13.63,-11.11,,,,2022-01-12 06:00:02.430831+00:00
547,2022-01-24,205.17,-19.96,-8.87,209.78,-20.41,-8.87,2022-01-12 06:00:02.430831+00:00
548,2022-01-25,205.17,-19.96,-8.87,209.78,-20.41,-8.87,2022-01-12 06:00:02.430831+00:00
549,2022-01-26,205.17,-19.96,-8.87,209.78,-20.41,-8.87,2022-01-12 06:00:02.430831+00:00
550,2022-01-27,205.17,-19.96,-8.87,209.78,-20.41,-8.87,2022-01-12 06:00:02.430831+00:00
551,2022-01-28,205.17,-19.96,-8.87,209.78,-20.41,-8.87,2022-01-12 06:00:02.430831+00:00
552,2022-01-29,165.11,-16.07,-8.87,,,,2022-01-12 06:00:02.430831+00:00
553,2022-01-30,140.07,-13.63,-8.87,,,,2022-01-12 06:00:02.430831+00:00
554,2022-01-31,206.86,-19.96,-8.8,211.51,-20.41,-8.8,2022-01-12 06:00:02.430831+00:00
555,2022-02-01,206.86,-19.96,-8.8,211.51,-20.41,-8.8,2022-01-12 06:00:02.430831+00:00
556,2022-02-02,206.86,-19.96,-8.8,211.51,-20.41,-8.8,2022-01-12 06:00:02.430831+00:00
557,2022-02-03,206.86,-19.96,-8.8,211.51,-20.41,-8.8,2022-01-12 06:00:02.430831+00:00
558,2022-02-04,206.86,-19.96,-8.8,211.51,-20.41,-8.8,2022-01-12 06:00:02.430831+00:00
559,2022-02-05,166.46,-16.07,-8.8,,,,2022-01-12 06:00:02.430831+00:00
560,2022-02-06,141.22,-13.63,-8.8,,,,2022-01-12 06:00:02.430831+00:00
561,2022-02-07,207.24,-19.97,-8.79,211.9,-20.42,-8.79,2022-01-12 06:00:02.430831+00:00
562,2022-02-08,207.24,-19.97,-8.79,211.9,-20.42,-8.79,2022-01-12 06:00:02.430831+00:00
563,2022-02-09,207.24,-19.97,-8.79,211.9,-20.42,-8.79,2022-01-12 06:00:02.430831+00:00
564,2022-02-10,207.24,-19.97,-8.79,211.9,-20.42,-8.79,2022-01-12 06:00:02.430831+00:00
565,2022-02-11,207.24,-19.97,-8.79,211.9,-20.42,-8.79,2022-01-12 06:00:02.430831+00:00
566,2022-02-12,166.77,-16.06,-8.78,,,,2022-01-12 06:00:02.430831+00:00
567,2022-02-13,141.49,-13.63,-8.79,,,,2022-01-12 06:00:02.430831+00:00
568,2022-02-14,207.25,-19.96,-8.78,211.91,-20.41,-8.79,2022-01-12 06:00:02.430831+00:00
569,2022-02-15,207.25,-19.96,-8.78,211.91,-20.41,-8.79,2022-01-12 06:00:02.430831+00:00
570,2022-02-16,207.25,-19.96,-8.78,211.91,-20.41,-8.79,2022-01-12 06:00:02.430831+00:00
571,2022-02-17,207.25,-19.96,-8.78,211.91,-20.41,-8.79,2022-01-12 06:00:02.430831+00:00
572,2022-02-18,207.25,-19.96,-8.78,211.91,-20.41,-8.79,2022-01-12 06:00:02.430831+00:00
573,2022-02-19,166.78,-16.05,-8.78,,,,2022-01-12 06:00:02.430831+00:00
574,2022-02-20,141.49,-13.63,-8.79,,,,2022-01-12 06:00:02.430831+00:00
575,2022-02-21,207.25,-19.96,-8.78,211.91,-20.41,-8.79,2022-01-12 06:00:02.430831+00:00
576,2022-02-22,207.25,-19.96,-8.78,211.91,-20.41,-8.79,2022-01-12 06:00:02.430831+00:00
577,2022-02-23,207.25,-19.96,-8.78,211.91,-20.41,-8.79,2022-01-12 06:00:02.430831+00:00
578,2022-02-24,207.25,-19.96,-8.78,211.91,-20.41,-8.79,2022-01-12 06:00:02.430831+00:00
579,2022-02-25,207.25,-19.96,-8.78,211.91,-20.41,-8.79,2022-01-12 06:00:02.430831+00:00
580,2022-02-26,166.78,-16.05,-8.78,,,,2022-01-12 06:00:02.430831+00:00
581,2022-02-27,141.49,-13.63,-8.79,,,,2022-01-12 06:00:02.430831+00:00
582,2022-02-28,207.25,-19.96,-8.78,211.91,-20.41,-8.79,2022-01-12 06:00:02.430831+00:00
583,2022-01-13,215.11,9.04,4.39,226.48,15.78,7.49,2022-01-13 06:00:02.019193+00:00
584,2022-01-14,215.11,9.04,4.39,219.94,9.24,4.39,2022-01-13 06:00:02.019193+00:00
585,2022-01-15,176.9,0.0,0.0,,,,2022-01-13 06:00:02.019193+00:00
586,2022-01-16,150.08,0.0,0.0,,,,2022-01-13 06:00:02.019193+00:00
587,2022-01-17,152.14,-7.55,-4.73,155.56,-7.72,-4.73,2022-01-13 06:00:02.019193+00:00
588,2022-01-18,152.14,-7.55,-4.73,155.56,-7.72,-4.73,2022-01-13 06:00:02.019193+00:00
589,2022-01-19,152.14,-7.55,-4.73,155.56,-7.72,-4.73,2022-01-13 06:00:02.019193+00:00
590,2022-01-20,152.14,-7.55,-4.73,155.56,-7.72,-4.73,2022-01-13 06:00:02.019193+00:00
591,2022-01-21,152.14,-7.55,-4.73,155.56,-7.72,-4.73,2022-01-13 06:00:02.019193+00:00
592,2022-01-22,122.42,-6.08,-4.73,,,,2022-01-13 06:00:02.019193+00:00
593,2022-01-23,103.86,-5.16,-4.73,,,,2022-01-13 06:00:02.019193+00:00
594,2022-01-24,197.62,-7.55,-3.68,202.06,-7.72,-3.68,2022-01-13 06:00:02.019193+00:00
595,2022-01-25,197.62,-7.55,-3.68,202.06,-7.72,-3.68,2022-01-13 06:00:02.019193+00:00
596,2022-01-26,197.62,-7.55,-3.68,202.06,-7.72,-3.68,2022-01-13 06:00:02.019193+00:00
597,2022-01-27,197.62,-7.55,-3.68,202.06,-7.72,-3.68,2022-01-13 06:00:02.019193+00:00
598,2022-01-28,197.62,-7.55,-3.68,202.06,-7.72,-3.68,2022-01-13 06:00:02.019193+00:00
599,2022-01-29,159.03,-6.08,-3.68,,,,2022-01-13 06:00:02.019193+00:00
600,2022-01-30,134.91,-5.16,-3.68,,,,2022-01-13 06:00:02.019193+00:00
601,2022-01-31,199.3,-7.56,-3.65,203.78,-7.73,-3.65,2022-01-13 06:00:02.019193+00:00
602,2022-02-01,199.3,-7.56,-3.65,203.78,-7.73,-3.65,2022-01-13 06:00:02.019193+00:00
603,2022-02-02,199.3,-7.56,-3.65,203.78,-7.73,-3.65,2022-01-13 06:00:02.019193+00:00
604,2022-02-03,199.3,-7.56,-3.65,203.78,-7.73,-3.65,2022-01-13 06:00:02.019193+00:00
605,2022-02-04,199.3,-7.56,-3.65,203.78,-7.73,-3.65,2022-01-13 06:00:02.019193+00:00
606,2022-02-05,160.38,-6.08,-3.65,,,,2022-01-13 06:00:02.019193+00:00
607,2022-02-06,136.06,-5.16,-3.65,,,,2022-01-13 06:00:02.019193+00:00
608,2022-02-07,199.69,-7.55,-3.64,204.18,-7.72,-3.64,2022-01-13 06:00:02.019193+00:00
609,2022-02-08,199.69,-7.55,-3.64,204.18,-7.72,-3.64,2022-01-13 06:00:02.019193+00:00
610,2022-02-09,199.69,-7.55,-3.64,204.18,-7.72,-3.64,2022-01-13 06:00:02.019193+00:00
611,2022-02-10,199.69,-7.55,-3.64,204.18,-7.72,-3.64,2022-01-13 06:00:02.019193+00:00
612,2022-02-11,199.69,-7.55,-3.64,204.18,-7.72,-3.64,2022-01-13 06:00:02.019193+00:00
613,2022-02-12,160.69,-6.08,-3.65,,,,2022-01-13 06:00:02.019193+00:00
614,2022-02-13,136.32,-5.17,-3.65,,,,2022-01-13 06:00:02.019193+00:00
615,2022-02-14,199.7,-7.55,-3.64,204.19,-7.72,-3.64,2022-01-13 06:00:02.019193+00:00
616,2022-02-15,199.7,-7.55,-3.64,204.19,-7.72,-3.64,2022-01-13 06:00:02.019193+00:00
617,2022-02-16,199.7,-7.55,-3.64,204.19,-7.72,-3.64,2022-01-13 06:00:02.019193+00:00
618,2022-02-17,199.7,-7.55,-3.64,204.19,-7.72,-3.64,2022-01-13 06:00:02.019193+00:00
619,2022-02-18,199.7,-7.55,-3.64,204.19,-7.72,-3.64,2022-01-13 06:00:02.019193+00:00
620,2022-02-19,160.7,-6.08,-3.65,,,,2022-01-13 06:00:02.019193+00:00
621,2022-02-20,136.34,-5.15,-3.64,,,,2022-01-13 06:00:02.019193+00:00
622,2022-02-21,199.7,-7.55,-3.64,204.19,-7.72,-3.64,2022-01-13 06:00:02.019193+00:00
623,2022-02-22,199.7,-7.55,-3.64,204.19,-7.72,-3.64,2022-01-13 06:00:02.019193+00:00
624,2022-02-23,199.7,-7.55,-3.64,204.19,-7.72,-3.64,2022-01-13 06:00:02.019193+00:00
625,2022-02-24,199.7,-7.55,-3.64,204.19,-7.72,-3.64,2022-01-13 06:00:02.019193+00:00
626,2022-02-25,199.7,-7.55,-3.64,204.19,-7.72,-3.64,2022-01-13 06:00:02.019193+00:00
627,2022-02-26,160.7,-6.08,-3.65,,,,2022-01-13 06:00:02.019193+00:00
628,2022-02-27,136.34,-5.15,-3.64,,,,2022-01-13 06:00:02.019193+00:00
629,2022-02-28,199.7,-7.55,-3.64,204.19,-7.72,-3.64,2022-01-13 06:00:02.019193+00:00
