date,price_forecast,base_dif,base_dif_per,punta_precio,punta_dif,punta_dif_per,request_time
2022-01-04,267.66,0.0,0.0,278.74,0.0,0.0,2022-01-02 17:00:01.834816+00:00
2022-01-05,267.66,0.0,0.0,278.74,0.0,0.0,2022-01-02 17:00:01.834816+00:00
2022-01-06,267.66,0.0,0.0,278.74,0.0,0.0,2022-01-02 17:00:01.834816+00:00
2022-01-07,267.66,0.0,0.0,278.74,0.0,0.0,2022-01-02 17:00:01.834816+00:00
2022-01-08,201.53,0.0,0.0,,,,2022-01-02 17:00:01.834816+00:00
2022-01-09,163.43,0.0,0.0,,,,2022-01-02 17:00:01.834816+00:00
2022-01-10,268.69,0.0,0.0,279.81,0.0,0.0,2022-01-02 17:00:01.834816+00:00
2022-01-11,268.69,0.0,0.0,279.81,0.0,0.0,2022-01-02 17:00:01.834816+00:00
2022-01-12,268.69,0.0,0.0,279.81,0.0,0.0,2022-01-02 17:00:01.834816+00:00
2022-01-13,268.69,0.0,0.0,279.81,0.0,0.0,2022-01-02 17:00:01.834816+00:00
2022-01-14,268.69,0.0,0.0,279.81,0.0,0.0,2022-01-02 17:00:01.834816+00:00
2022-01-15,202.32,0.0,0.0,,,,2022-01-02 17:00:01.834816+00:00
2022-01-16,164.06,0.0,0.0,,,,2022-01-02 17:00:01.834816+00:00
2022-01-17,258.18,0.0,0.0,268.86,0.0,0.0,2022-01-02 17:00:01.834816+00:00
2022-01-18,258.18,0.0,0.0,268.86,0.0,0.0,2022-01-02 17:00:01.834816+00:00
2022-01-19,258.18,0.0,0.0,268.86,0.0,0.0,2022-01-02 17:00:01.834816+00:00
2022-01-20,258.18,0.0,0.0,268.86,0.0,0.0,2022-01-02 17:00:01.834816+00:00
2022-01-21,258.18,0.0,0.0,268.86,0.0,0.0,2022-01-02 17:00:01.834816+00:00
2022-01-22,194.4,0.0,0.0,,,,2022-01-02 17:00:01.834816+00:00
2022-01-23,157.64,0.0,0.0,,,,2022-01-02 17:00:01.834816+00:00
2022-01-24,268.19,0.0,0.0,279.29,0.0,0.0,2022-01-02 17:00:01.834816+00:00
2022-01-25,268.19,0.0,0.0,279.29,0.0,0.0,2022-01-02 17:00:01.834816+00:00
2022-01-26,268.19,0.0,0.0,279.29,0.0,0.0,2022-01-02 17:00:01.834816+00:00
2022-01-27,268.19,0.0,0.0,279.29,0.0,0.0,2022-01-02 17:00:01.834816+00:00
2022-01-28,268.19,0.0,0.0,279.29,0.0,0.0,2022-01-02 17:00:01.834816+00:00
2022-01-29,201.92,0.0,0.0,,,,2022-01-02 17:00:01.834816+00:00
2022-01-30,163.75,0.0,0.0,,,,2022-01-02 17:00:01.834816+00:00
2022-01-31,188.14,0.0,0.0,195.92,0.0,0.0,2022-01-02 17:00:01.834816+00:00
2022-02-01,270.22,0.0,0.0,281.4,0.0,0.0,2022-01-02 17:00:01.834816+00:00
2022-02-02,270.22,0.0,0.0,281.4,0.0,0.0,2022-01-02 17:00:01.834816+00:00
2022-02-03,270.22,0.0,0.0,281.4,0.0,0.0,2022-01-02 17:00:01.834816+00:00
2022-02-04,270.22,0.0,0.0,281.4,0.0,0.0,2022-01-02 17:00:01.834816+00:00
2022-02-05,203.44,0.0,0.0,,,,2022-01-02 17:00:01.834816+00:00
2022-02-06,164.99,0.0,0.0,,,,2022-01-02 17:00:01.834816+00:00
2022-02-07,270.22,0.0,0.0,281.4,0.0,0.0,2022-01-02 17:00:01.834816+00:00
2022-02-08,270.22,0.0,0.0,281.4,0.0,0.0,2022-01-02 17:00:01.834816+00:00
2022-02-09,270.22,0.0,0.0,281.4,0.0,0.0,2022-01-02 17:00:01.834816+00:00
2022-02-10,270.22,0.0,0.0,281.4,0.0,0.0,2022-01-02 17:00:01.834816+00:00
2022-02-11,270.22,0.0,0.0,281.4,0.0,0.0,2022-01-02 17:00:01.834816+00:00
2022-02-12,203.44,0.0,0.0,,,,2022-01-02 17:00:01.834816+00:00
2022-02-13,164.99,0.0,0.0,,,,2022-01-02 17:00:01.834816+00:00
2022-02-14,270.22,0.0,0.0,281.4,0.0,0.0,2022-01-02 17:00:01.834816+00:00
2022-02-15,270.22,0.0,0.0,281.4,0.0,0.0,2022-01-02 17:00:01.834816+00:00
2022-02-16,270.22,0.0,0.0,281.4,0.0,0.0,2022-01-02 17:00:01.834816+00:00
2022-02-17,270.22,0.0,0.0,281.4,0.0,0.0,2022-01-02 17:00:01.834816+00:00
2022-02-18,270.22,0.0,0.0,281.4,0.0,0.0,2022-01-02 17:00:01.834816+00:00
2022-02-19,203.44,0.0,0.0,,,,2022-01-02 17:00:01.834816+00:00
2022-02-20,164.99,0.0,0.0,,,,2022-01-02 17:00:01.834816+00:00
2022-02-21,270.22,0.0,0.0,281.4,0.0,0.0,2022-01-02 17:00:01.834816+00:00
2022-02-22,270.22,0.0,0.0,281.4,0.0,0.0,2022-01-02 17:00:01.834816+00:00
2022-02-23,270.22,0.0,0.0,281.4,0.0,0.0,2022-01-02 17:00:01.834816+00:00
2022-02-24,270.22,0.0,0.0,281.4,0.0,0.0,2022-01-02 17:00:01.834816+00:00
2022-02-25,270.22,0.0,0.0,281.4,0.0,0.0,2022-01-02 17:00:01.834816+00:00
2022-02-26,203.44,0.0,0.0,,,,2022-01-02 17:00:01.834816+00:00
2022-02-27,164.99,0.0,0.0,,,,2022-01-02 17:00:01.834816+00:00
2022-02-28,270.22,0.0,0.0,281.4,0.0,0.0,2022-01-02 17:00:01.834816+00:00
2022-01-04,267.66,0.0,0.0,278.74,0.0,0.0,2022-01-03 17:00:02.361191+00:00
2022-01-05,267.66,0.0,0.0,278.74,0.0,0.0,2022-01-03 17:00:02.361191+00:00
2022-01-06,267.66,0.0,0.0,278.74,0.0,0.0,2022-01-03 17:00:02.361191+00:00
2022-01-07,267.66,0.0,0.0,278.74,0.0,0.0,2022-01-03 17:00:02.361191+00:00
2022-01-08,201.53,0.0,0.0,,,,2022-01-03 17:00:02.361191+00:00
2022-01-09,163.43,0.0,0.0,,,,2022-01-03 17:00:02.361191+00:00
2022-01-10,268.69,0.0,0.0,279.81,0.0,0.0,2022-01-03 17:00:02.361191+00:00
2022-01-11,268.69,0.0,0.0,279.81,0.0,0.0,2022-01-03 17:00:02.361191+00:00
2022-01-12,268.69,0.0,0.0,279.81,0.0,0.0,2022-01-03 17:00:02.361191+00:00
2022-01-13,268.69,0.0,0.0,279.81,0.0,0.0,2022-01-03 17:00:02.361191+00:00
2022-01-14,268.69,0.0,0.0,279.81,0.0,0.0,2022-01-03 17:00:02.361191+00:00
2022-01-15,202.32,0.0,0.0,,,,2022-01-03 17:00:02.361191+00:00
2022-01-16,164.06,0.0,0.0,,,,2022-01-03 17:00:02.361191+00:00
2022-01-17,258.18,0.0,0.0,268.86,0.0,0.0,2022-01-03 17:00:02.361191+00:00
2022-01-18,258.18,0.0,0.0,268.86,0.0,0.0,2022-01-03 17:00:02.361191+00:00
2022-01-19,258.18,0.0,0.0,268.86,0.0,0.0,2022-01-03 17:00:02.361191+00:00
2022-01-20,258.18,0.0,0.0,268.86,0.0,0.0,2022-01-03 17:00:02.361191+00:00
2022-01-21,258.18,0.0,0.0,268.86,0.0,0.0,2022-01-03 17:00:02.361191+00:00
2022-01-22,194.4,0.0,0.0,,,,2022-01-03 17:00:02.361191+00:00
2022-01-23,157.64,0.0,0.0,,,,2022-01-03 17:00:02.361191+00:00
2022-01-24,268.19,0.0,0.0,279.29,0.0,0.0,2022-01-03 17:00:02.361191+00:00
2022-01-25,268.19,0.0,0.0,279.29,0.0,0.0,2022-01-03 17:00:02.361191+00:00
2022-01-26,268.19,0.0,0.0,279.29,0.0,0.0,2022-01-03 17:00:02.361191+00:00
2022-01-27,268.19,0.0,0.0,279.29,0.0,0.0,2022-01-03 17:00:02.361191+00:00
2022-01-28,268.19,0.0,0.0,279.29,0.0,0.0,2022-01-03 17:00:02.361191+00:00
2022-01-29,201.92,0.0,0.0,,,,2022-01-03 17:00:02.361191+00:00
2022-01-30,163.75,0.0,0.0,,,,2022-01-03 17:00:02.361191+00:00
2022-01-31,188.14,0.0,0.0,195.92,0.0,0.0,2022-01-03 17:00:02.361191+00:00
2022-02-01,270.22,0.0,0.0,281.4,0.0,0.0,2022-01-03 17:00:02.361191+00:00
2022-02-02,270.22,0.0,0.0,281.4,0.0,0.0,2022-01-03 17:00:02.361191+00:00
2022-02-03,270.22,0.0,0.0,281.4,0.0,0.0,2022-01-03 17:00:02.361191+00:00
2022-02-04,270.22,0.0,0.0,281.4,0.0,0.0,2022-01-03 17:00:02.361191+00:00
2022-02-05,203.44,0.0,0.0,,,,2022-01-03 17:00:02.361191+00:00
2022-02-06,164.99,0.0,0.0,,,,2022-01-03 17:00:02.361191+00:00
2022-02-07,270.22,0.0,0.0,281.4,0.0,0.0,2022-01-03 17:00:02.361191+00:00
2022-02-08,270.22,0.0,0.0,281.4,0.0,0.0,2022-01-03 17:00:02.361191+00:00
2022-02-09,270.22,0.0,0.0,281.4,0.0,0.0,2022-01-03 17:00:02.361191+00:00
2022-02-10,270.22,0.0,0.0,281.4,0.0,0.0,2022-01-03 17:00:02.361191+00:00
2022-02-11,270.22,0.0,0.0,281.4,0.0,0.0,2022-01-03 17:00:02.361191+00:00
2022-02-12,203.44,0.0,0.0,,,,2022-01-03 17:00:02.361191+00:00
2022-02-13,164.99,0.0,0.0,,,,2022-01-03 17:00:02.361191+00:00
2022-02-14,270.22,0.0,0.0,281.4,0.0,0.0,2022-01-03 17:00:02.361191+00:00
2022-02-15,270.22,0.0,0.0,281.4,0.0,0.0,2022-01-03 17:00:02.361191+00:00
2022-02-16,270.22,0.0,0.0,281.4,0.0,0.0,2022-01-03 17:00:02.361191+00:00
2022-02-17,270.22,0.0,0.0,281.4,0.0,0.0,2022-01-03 17:00:02.361191+00:00
2022-02-18,270.22,0.0,0.0,281.4,0.0,0.0,2022-01-03 17:00:02.361191+00:00
2022-02-19,203.44,0.0,0.0,,,,2022-01-03 17:00:02.361191+00:00
2022-02-20,164.99,0.0,0.0,,,,2022-01-03 17:00:02.361191+00:00
2022-02-21,270.22,0.0,0.0,281.4,0.0,0.0,2022-01-03 17:00:02.361191+00:00
2022-02-22,270.22,0.0,0.0,281.4,0.0,0.0,2022-01-03 17:00:02.361191+00:00
2022-02-23,270.22,0.0,0.0,281.4,0.0,0.0,2022-01-03 17:00:02.361191+00:00
2022-02-24,270.22,0.0,0.0,281.4,0.0,0.0,2022-01-03 17:00:02.361191+00:00
2022-02-25,270.22,0.0,0.0,281.4,0.0,0.0,2022-01-03 17:00:02.361191+00:00
2022-02-26,203.44,0.0,0.0,,,,2022-01-03 17:00:02.361191+00:00
2022-02-27,164.99,0.0,0.0,,,,2022-01-03 17:00:02.361191+00:00
2022-02-28,270.22,0.0,0.0,281.4,0.0,0.0,2022-01-03 17:00:02.361191+00:00
2022-01-04,152.15,-115.51,-43.16,175.73,-103.01,-36.96,2022-01-04 10:03:50.813884+00:00
2022-01-05,152.15,-115.51,-43.16,158.44,-120.3,-43.16,2022-01-04 10:03:50.813884+00:00
2022-01-06,152.15,-115.51,-43.16,158.44,-120.3,-43.16,2022-01-04 10:03:50.813884+00:00
2022-01-07,152.15,-115.51,-43.16,158.44,-120.3,-43.16,2022-01-04 10:03:50.813884+00:00
2022-01-08,201.52,-0.01,0.0,,,,2022-01-04 10:03:50.813884+00:00
2022-01-09,163.44,0.01,0.01,,,,2022-01-04 10:03:50.813884+00:00
2022-01-10,223.97,-44.72,-16.64,233.24,-46.57,-16.64,2022-01-04 10:03:50.813884+00:00
2022-01-11,223.97,-44.72,-16.64,233.24,-46.57,-16.64,2022-01-04 10:03:50.813884+00:00
2022-01-12,223.97,-44.72,-16.64,233.24,-46.57,-16.64,2022-01-04 10:03:50.813884+00:00
2022-01-13,223.97,-44.72,-16.64,233.24,-46.57,-16.64,2022-01-04 10:03:50.813884+00:00
2022-01-14,223.97,-44.72,-16.64,233.24,-46.57,-16.64,2022-01-04 10:03:50.813884+00:00
2022-01-15,168.64,-33.68,-16.65,,,,2022-01-04 10:03:50.813884+00:00
2022-01-16,136.76,-27.3,-16.64,,,,2022-01-04 10:03:50.813884+00:00
2022-01-17,213.47,-44.71,-17.32,222.3,-46.56,-17.32,2022-01-04 10:03:50.813884+00:00
2022-01-18,213.47,-44.71,-17.32,222.3,-46.56,-17.32,2022-01-04 10:03:50.813884+00:00
2022-01-19,213.47,-44.71,-17.32,222.3,-46.56,-17.32,2022-01-04 10:03:50.813884+00:00
2022-01-20,213.47,-44.71,-17.32,222.3,-46.56,-17.32,2022-01-04 10:03:50.813884+00:00
2022-01-21,213.47,-44.71,-17.32,222.3,-46.56,-17.32,2022-01-04 10:03:50.813884+00:00
2022-01-22,160.72,-33.68,-17.33,,,,2022-01-04 10:03:50.813884+00:00
2022-01-23,130.34,-27.3,-17.32,,,,2022-01-04 10:03:50.813884+00:00
2022-01-24,223.47,-44.72,-16.67,232.72,-46.57,-16.67,2022-01-04 10:03:50.813884+00:00
2022-01-25,223.47,-44.72,-16.67,232.72,-46.57,-16.67,2022-01-04 10:03:50.813884+00:00
2022-01-26,223.47,-44.72,-16.67,232.72,-46.57,-16.67,2022-01-04 10:03:50.813884+00:00
2022-01-27,223.47,-44.72,-16.67,232.72,-46.57,-16.67,2022-01-04 10:03:50.813884+00:00
2022-01-28,223.47,-44.72,-16.67,232.72,-46.57,-16.67,2022-01-04 10:03:50.813884+00:00
2022-01-29,168.25,-33.67,-16.67,,,,2022-01-04 10:03:50.813884+00:00
2022-01-30,136.45,-27.3,-16.67,,,,2022-01-04 10:03:50.813884+00:00
2022-01-31,223.47,35.33,18.78,232.72,36.8,18.78,2022-01-04 10:03:50.813884+00:00
2022-02-01,225.5,-44.72,-16.55,234.83,-46.57,-16.55,2022-01-04 10:03:50.813884+00:00
2022-02-02,225.5,-44.72,-16.55,234.83,-46.57,-16.55,2022-01-04 10:03:50.813884+00:00
2022-02-03,225.5,-44.72,-16.55,234.83,-46.57,-16.55,2022-01-04 10:03:50.813884+00:00
2022-02-04,225.5,-44.72,-16.55,234.83,-46.57,-16.55,2022-01-04 10:03:50.813884+00:00
2022-02-05,169.78,-33.66,-16.55,,,,2022-01-04 10:03:50.813884+00:00
2022-02-06,137.69,-27.3,-16.55,,,,2022-01-04 10:03:50.813884+00:00
2022-02-07,225.5,-44.72,-16.55,234.83,-46.57,-16.55,2022-01-04 10:03:50.813884+00:00
2022-02-08,225.5,-44.72,-16.55,234.83,-46.57,-16.55,2022-01-04 10:03:50.813884+00:00
2022-02-09,225.5,-44.72,-16.55,234.83,-46.57,-16.55,2022-01-04 10:03:50.813884+00:00
2022-02-10,225.5,-44.72,-16.55,234.83,-46.57,-16.55,2022-01-04 10:03:50.813884+00:00
2022-02-11,225.5,-44.72,-16.55,234.83,-46.57,-16.55,2022-01-04 10:03:50.813884+00:00
2022-02-12,169.78,-33.66,-16.55,,,,2022-01-04 10:03:50.813884+00:00
2022-02-13,137.69,-27.3,-16.55,,,,2022-01-04 10:03:50.813884+00:00
2022-02-14,225.5,-44.72,-16.55,234.83,-46.57,-16.55,2022-01-04 10:03:50.813884+00:00
2022-02-15,225.5,-44.72,-16.55,234.83,-46.57,-16.55,2022-01-04 10:03:50.813884+00:00
2022-02-16,225.5,-44.72,-16.55,234.83,-46.57,-16.55,2022-01-04 10:03:50.813884+00:00
2022-02-17,225.5,-44.72,-16.55,234.83,-46.57,-16.55,2022-01-04 10:03:50.813884+00:00
2022-02-18,225.5,-44.72,-16.55,234.83,-46.57,-16.55,2022-01-04 10:03:50.813884+00:00
2022-02-19,169.78,-33.66,-16.55,,,,2022-01-04 10:03:50.813884+00:00
2022-02-20,137.69,-27.3,-16.55,,,,2022-01-04 10:03:50.813884+00:00
2022-02-21,225.5,-44.72,-16.55,234.83,-46.57,-16.55,2022-01-04 10:03:50.813884+00:00
2022-02-22,225.5,-44.72,-16.55,234.83,-46.57,-16.55,2022-01-04 10:03:50.813884+00:00
2022-02-23,225.5,-44.72,-16.55,234.83,-46.57,-16.55,2022-01-04 10:03:50.813884+00:00
2022-02-24,225.5,-44.72,-16.55,234.83,-46.57,-16.55,2022-01-04 10:03:50.813884+00:00
2022-02-25,225.5,-44.72,-16.55,234.83,-46.57,-16.55,2022-01-04 10:03:50.813884+00:00
2022-02-26,169.78,-33.66,-16.55,,,,2022-01-04 10:03:50.813884+00:00
2022-02-27,137.69,-27.3,-16.55,,,,2022-01-04 10:03:50.813884+00:00
2022-02-28,225.5,-44.72,-16.55,234.83,-46.57,-16.55,2022-01-04 10:03:50.813884+00:00
2022-01-05,180.2,28.05,18.44,210.2,51.76,32.67,2022-01-05 09:00:01.544073+00:00
2022-01-06,180.2,28.05,18.44,187.66,29.22,18.44,2022-01-05 09:00:01.544073+00:00
2022-01-07,180.2,28.05,18.44,187.66,29.22,18.44,2022-01-05 09:00:01.544073+00:00
2022-01-08,201.52,0.0,0.0,,,,2022-01-05 09:00:01.544073+00:00
2022-01-09,163.44,0.0,0.0,,,,2022-01-05 09:00:01.544073+00:00
2022-01-10,253.0,29.03,12.96,263.47,30.23,12.96,2022-01-05 09:00:01.544073+00:00
2022-01-11,253.0,29.03,12.96,263.47,30.23,12.96,2022-01-05 09:00:01.544073+00:00
2022-01-12,253.0,29.03,12.96,263.47,30.23,12.96,2022-01-05 09:00:01.544073+00:00
2022-01-13,253.0,29.03,12.96,263.47,30.23,12.96,2022-01-05 09:00:01.544073+00:00
2022-01-14,253.0,29.03,12.96,263.47,30.23,12.96,2022-01-05 09:00:01.544073+00:00
2022-01-15,190.5,21.86,12.96,,,,2022-01-05 09:00:01.544073+00:00
2022-01-16,154.48,17.72,12.96,,,,2022-01-05 09:00:01.544073+00:00
2022-01-17,209.0,-4.47,-2.09,217.65,-4.65,-2.09,2022-01-05 09:00:01.544073+00:00
2022-01-18,209.0,-4.47,-2.09,217.65,-4.65,-2.09,2022-01-05 09:00:01.544073+00:00
2022-01-19,209.0,-4.47,-2.09,217.65,-4.65,-2.09,2022-01-05 09:00:01.544073+00:00
2022-01-20,209.0,-4.47,-2.09,217.65,-4.65,-2.09,2022-01-05 09:00:01.544073+00:00
2022-01-21,209.0,-4.47,-2.09,217.65,-4.65,-2.09,2022-01-05 09:00:01.544073+00:00
2022-01-22,157.37,-3.35,-2.08,,,,2022-01-05 09:00:01.544073+00:00
2022-01-23,127.61,-2.73,-2.09,,,,2022-01-05 09:00:01.544073+00:00
2022-01-24,255.37,31.9,14.27,265.94,33.22,14.27,2022-01-05 09:00:01.544073+00:00
2022-01-25,255.37,31.9,14.27,265.94,33.22,14.27,2022-01-05 09:00:01.544073+00:00
2022-01-26,255.37,31.9,14.27,265.94,33.22,14.27,2022-01-05 09:00:01.544073+00:00
2022-01-27,255.37,31.9,14.27,265.94,33.22,14.27,2022-01-05 09:00:01.544073+00:00
2022-01-28,255.37,31.9,14.27,265.94,33.22,14.27,2022-01-05 09:00:01.544073+00:00
2022-01-29,192.27,24.02,14.28,,,,2022-01-05 09:00:01.544073+00:00
2022-01-30,155.93,19.48,14.28,,,,2022-01-05 09:00:01.544073+00:00
2022-01-31,257.08,33.61,15.04,267.72,35.0,15.04,2022-01-05 09:00:01.544073+00:00
2022-02-01,257.08,31.58,14.0,267.72,32.89,14.01,2022-01-05 09:00:01.544073+00:00
2022-02-02,257.08,31.58,14.0,267.72,32.89,14.01,2022-01-05 09:00:01.544073+00:00
2022-02-03,257.08,31.58,14.0,267.72,32.89,14.01,2022-01-05 09:00:01.544073+00:00
2022-02-04,257.08,31.58,14.0,267.72,32.89,14.01,2022-01-05 09:00:01.544073+00:00
2022-02-05,193.56,23.78,14.01,,,,2022-01-05 09:00:01.544073+00:00
2022-02-06,156.98,19.29,14.01,,,,2022-01-05 09:00:01.544073+00:00
2022-02-07,257.49,31.99,14.19,268.15,33.32,14.19,2022-01-05 09:00:01.544073+00:00
2022-02-08,257.49,31.99,14.19,268.15,33.32,14.19,2022-01-05 09:00:01.544073+00:00
2022-02-09,257.49,31.99,14.19,268.15,33.32,14.19,2022-01-05 09:00:01.544073+00:00
2022-02-10,257.49,31.99,14.19,268.15,33.32,14.19,2022-01-05 09:00:01.544073+00:00
2022-02-11,257.49,31.99,14.19,268.15,33.32,14.19,2022-01-05 09:00:01.544073+00:00
2022-02-12,193.86,24.08,14.18,,,,2022-01-05 09:00:01.544073+00:00
2022-02-13,157.22,19.53,14.18,,,,2022-01-05 09:00:01.544073+00:00
2022-02-14,257.49,31.99,14.19,268.15,33.32,14.19,2022-01-05 09:00:01.544073+00:00
2022-02-15,257.49,31.99,14.19,268.15,33.32,14.19,2022-01-05 09:00:01.544073+00:00
2022-02-16,257.49,31.99,14.19,268.15,33.32,14.19,2022-01-05 09:00:01.544073+00:00
2022-02-17,257.49,31.99,14.19,268.15,33.32,14.19,2022-01-05 09:00:01.544073+00:00
2022-02-18,257.49,31.99,14.19,268.15,33.32,14.19,2022-01-05 09:00:01.544073+00:00
2022-02-19,193.86,24.08,14.18,,,,2022-01-05 09:00:01.544073+00:00
2022-02-20,157.22,19.53,14.18,,,,2022-01-05 09:00:01.544073+00:00
2022-02-21,257.49,31.99,14.19,268.15,33.32,14.19,2022-01-05 09:00:01.544073+00:00
2022-02-22,257.49,31.99,14.19,268.15,33.32,14.19,2022-01-05 09:00:01.544073+00:00
2022-02-23,257.49,31.99,14.19,268.15,33.32,14.19,2022-01-05 09:00:01.544073+00:00
2022-02-24,257.49,31.99,14.19,268.15,33.32,14.19,2022-01-05 09:00:01.544073+00:00
2022-02-25,257.49,31.99,14.19,268.15,33.32,14.19,2022-01-05 09:00:01.544073+00:00
2022-02-26,193.86,24.08,14.18,,,,2022-01-05 09:00:01.544073+00:00
2022-02-27,157.22,19.53,14.18,,,,2022-01-05 09:00:01.544073+00:00
2022-02-28,257.49,31.99,14.19,268.15,33.32,14.19,2022-01-05 09:00:01.544073+00:00
2022-01-06,212.98,32.78,18.19,219.56,31.9,17.0,2022-01-06 06:00:02.260685+00:00
2022-01-07,212.98,32.78,18.19,221.79,34.13,18.19,2022-01-06 06:00:02.260685+00:00
2022-01-08,201.52,0.0,0.0,,,,2022-01-06 06:00:02.260685+00:00
2022-01-09,163.44,0.0,0.0,,,,2022-01-06 06:00:02.260685+00:00
2022-01-10,251.9,-1.1,-0.43,262.32,-1.15,-0.44,2022-01-06 06:00:02.260685+00:00
2022-01-11,251.9,-1.1,-0.43,262.32,-1.15,-0.44,2022-01-06 06:00:02.260685+00:00
2022-01-12,251.9,-1.1,-0.43,262.32,-1.15,-0.44,2022-01-06 06:00:02.260685+00:00
2022-01-13,251.9,-1.1,-0.43,262.32,-1.15,-0.44,2022-01-06 06:00:02.260685+00:00
2022-01-14,251.9,-1.1,-0.43,262.32,-1.15,-0.44,2022-01-06 06:00:02.260685+00:00
2022-01-15,189.67,-0.83,-0.44,,,,2022-01-06 06:00:02.260685+00:00
2022-01-16,153.81,-0.67,-0.43,,,,2022-01-06 06:00:02.260685+00:00
2022-01-17,207.9,-1.1,-0.53,216.5,-1.15,-0.53,2022-01-06 06:00:02.260685+00:00
2022-01-18,207.9,-1.1,-0.53,216.5,-1.15,-0.53,2022-01-06 06:00:02.260685+00:00
2022-01-19,207.9,-1.1,-0.53,216.5,-1.15,-0.53,2022-01-06 06:00:02.260685+00:00
2022-01-20,207.9,-1.1,-0.53,216.5,-1.15,-0.53,2022-01-06 06:00:02.260685+00:00
2022-01-21,207.9,-1.1,-0.53,216.5,-1.15,-0.53,2022-01-06 06:00:02.260685+00:00
2022-01-22,156.54,-0.83,-0.53,,,,2022-01-06 06:00:02.260685+00:00
2022-01-23,126.94,-0.67,-0.53,,,,2022-01-06 06:00:02.260685+00:00
2022-01-24,254.27,-1.1,-0.43,264.79,-1.15,-0.43,2022-01-06 06:00:02.260685+00:00
2022-01-25,254.27,-1.1,-0.43,264.79,-1.15,-0.43,2022-01-06 06:00:02.260685+00:00
2022-01-26,254.27,-1.1,-0.43,264.79,-1.15,-0.43,2022-01-06 06:00:02.260685+00:00
2022-01-27,254.27,-1.1,-0.43,264.79,-1.15,-0.43,2022-01-06 06:00:02.260685+00:00
2022-01-28,254.27,-1.1,-0.43,264.79,-1.15,-0.43,2022-01-06 06:00:02.260685+00:00
2022-01-29,191.45,-0.82,-0.43,,,,2022-01-06 06:00:02.260685+00:00
2022-01-30,155.25,-0.68,-0.44,,,,2022-01-06 06:00:02.260685+00:00
2022-01-31,255.99,-1.09,-0.42,266.58,-1.14,-0.43,2022-01-06 06:00:02.260685+00:00
2022-02-01,255.99,-1.09,-0.42,266.58,-1.14,-0.43,2022-01-06 06:00:02.260685+00:00
2022-02-02,255.99,-1.09,-0.42,266.58,-1.14,-0.43,2022-01-06 06:00:02.260685+00:00
2022-02-03,255.99,-1.09,-0.42,266.58,-1.14,-0.43,2022-01-06 06:00:02.260685+00:00
2022-02-04,255.99,-1.09,-0.42,266.58,-1.14,-0.43,2022-01-06 06:00:02.260685+00:00
2022-02-05,192.73,-0.83,-0.43,,,,2022-01-06 06:00:02.260685+00:00
2022-02-06,156.3,-0.68,-0.43,,,,2022-01-06 06:00:02.260685+00:00
2022-02-07,256.39,-1.1,-0.43,267.0,-1.15,-0.43,2022-01-06 06:00:02.260685+00:00
2022-02-08,256.39,-1.1,-0.43,267.0,-1.15,-0.43,2022-01-06 06:00:02.260685+00:00
2022-02-09,256.39,-1.1,-0.43,267.0,-1.15,-0.43,2022-01-06 06:00:02.260685+00:00
2022-02-10,256.39,-1.1,-0.43,267.0,-1.15,-0.43,2022-01-06 06:00:02.260685+00:00
2022-02-11,256.39,-1.1,-0.43,267.0,-1.15,-0.43,2022-01-06 06:00:02.260685+00:00
2022-02-12,193.03,-0.83,-0.43,,,,2022-01-06 06:00:02.260685+00:00
2022-02-13,156.55,-0.67,-0.43,,,,2022-01-06 06:00:02.260685+00:00
2022-02-14,256.39,-1.1,-0.43,267.0,-1.15,-0.43,2022-01-06 06:00:02.260685+00:00
2022-02-15,256.39,-1.1,-0.43,267.0,-1.15,-0.43,2022-01-06 06:00:02.260685+00:00
2022-02-16,256.39,-1.1,-0.43,267.0,-1.15,-0.43,2022-01-06 06:00:02.260685+00:00
2022-02-17,256.39,-1.1,-0.43,267.0,-1.15,-0.43,2022-01-06 06:00:02.260685+00:00
2022-02-18,256.39,-1.1,-0.43,267.0,-1.15,-0.43,2022-01-06 06:00:02.260685+00:00
2022-02-19,193.03,-0.83,-0.43,,,,2022-01-06 06:00:02.260685+00:00
2022-02-20,156.55,-0.67,-0.43,,,,2022-01-06 06:00:02.260685+00:00
2022-02-21,256.39,-1.1,-0.43,267.0,-1.15,-0.43,2022-01-06 06:00:02.260685+00:00
2022-02-22,256.39,-1.1,-0.43,267.0,-1.15,-0.43,2022-01-06 06:00:02.260685+00:00
2022-02-23,256.39,-1.1,-0.43,267.0,-1.15,-0.43,2022-01-06 06:00:02.260685+00:00
2022-02-24,256.39,-1.1,-0.43,267.0,-1.15,-0.43,2022-01-06 06:00:02.260685+00:00
2022-02-25,256.39,-1.1,-0.43,267.0,-1.15,-0.43,2022-01-06 06:00:02.260685+00:00
2022-02-26,193.03,-0.83,-0.43,,,,2022-01-06 06:00:02.260685+00:00
2022-02-27,156.55,-0.67,-0.43,,,,2022-01-06 06:00:02.260685+00:00
2022-02-28,256.39,-1.1,-0.43,267.0,-1.15,-0.43,2022-01-06 06:00:02.260685+00:00
2022-01-07,215.86,2.88,1.35,232.15,10.36,4.67,2022-01-07 06:00:01.785063+00:00
2022-01-08,201.52,0.0,0.0,,,,2022-01-07 06:00:01.785063+00:00
2022-01-09,163.44,0.0,0.0,,,,2022-01-07 06:00:01.785063+00:00
2022-01-10,253.0,1.1,0.44,263.47,1.15,0.44,2022-01-07 06:00:01.785063+00:00
2022-01-11,253.0,1.1,0.44,263.47,1.15,0.44,2022-01-07 06:00:01.785063+00:00
2022-01-12,253.0,1.1,0.44,263.47,1.15,0.44,2022-01-07 06:00:01.785063+00:00
2022-01-13,253.0,1.1,0.44,263.47,1.15,0.44,2022-01-07 06:00:01.785063+00:00
2022-01-14,253.0,1.1,0.44,263.47,1.15,0.44,2022-01-07 06:00:01.785063+00:00
2022-01-15,190.5,0.83,0.44,,,,2022-01-07 06:00:01.785063+00:00
2022-01-16,154.48,0.67,0.44,,,,2022-01-07 06:00:01.785063+00:00
2022-01-17,206.8,-1.1,-0.53,215.36,-1.14,-0.53,2022-01-07 06:00:01.785063+00:00
2022-01-18,206.8,-1.1,-0.53,215.36,-1.14,-0.53,2022-01-07 06:00:01.785063+00:00
2022-01-19,206.8,-1.1,-0.53,215.36,-1.14,-0.53,2022-01-07 06:00:01.785063+00:00
2022-01-20,206.8,-1.1,-0.53,215.36,-1.14,-0.53,2022-01-07 06:00:01.785063+00:00
2022-01-21,206.8,-1.1,-0.53,215.36,-1.14,-0.53,2022-01-07 06:00:01.785063+00:00
2022-01-22,155.71,-0.83,-0.53,,,,2022-01-07 06:00:01.785063+00:00
2022-01-23,126.27,-0.67,-0.53,,,,2022-01-07 06:00:01.785063+00:00
2022-01-24,253.17,-1.1,-0.43,263.65,-1.14,-0.43,2022-01-07 06:00:01.785063+00:00
2022-01-25,253.17,-1.1,-0.43,263.65,-1.14,-0.43,2022-01-07 06:00:01.785063+00:00
2022-01-26,253.17,-1.1,-0.43,263.65,-1.14,-0.43,2022-01-07 06:00:01.785063+00:00
2022-01-27,253.17,-1.1,-0.43,263.65,-1.14,-0.43,2022-01-07 06:00:01.785063+00:00
2022-01-28,253.17,-1.1,-0.43,263.65,-1.14,-0.43,2022-01-07 06:00:01.785063+00:00
2022-01-29,190.62,-0.83,-0.43,,,,2022-01-07 06:00:01.785063+00:00
2022-01-30,154.58,-0.67,-0.43,,,,2022-01-07 06:00:01.785063+00:00
2022-01-31,254.89,-1.1,-0.43,265.44,-1.14,-0.43,2022-01-07 06:00:01.785063+00:00
2022-02-01,254.89,-1.1,-0.43,265.44,-1.14,-0.43,2022-01-07 06:00:01.785063+00:00
2022-02-02,254.89,-1.1,-0.43,265.44,-1.14,-0.43,2022-01-07 06:00:01.785063+00:00
2022-02-03,254.89,-1.1,-0.43,265.44,-1.14,-0.43,2022-01-07 06:00:01.785063+00:00
2022-02-04,254.89,-1.1,-0.43,265.44,-1.14,-0.43,2022-01-07 06:00:01.785063+00:00
2022-02-05,191.9,-0.83,-0.43,,,,2022-01-07 06:00:01.785063+00:00
2022-02-06,155.63,-0.67,-0.43,,,,2022-01-07 06:00:01.785063+00:00
2022-02-07,255.29,-1.1,-0.43,265.85,-1.15,-0.43,2022-01-07 06:00:01.785063+00:00
2022-02-08,255.29,-1.1,-0.43,265.85,-1.15,-0.43,2022-01-07 06:00:01.785063+00:00
2022-02-09,255.29,-1.1,-0.43,265.85,-1.15,-0.43,2022-01-07 06:00:01.785063+00:00
2022-02-10,255.29,-1.1,-0.43,265.85,-1.15,-0.43,2022-01-07 06:00:01.785063+00:00
2022-02-11,255.29,-1.1,-0.43,265.85,-1.15,-0.43,2022-01-07 06:00:01.785063+00:00
2022-02-12,192.2,-0.83,-0.43,,,,2022-01-07 06:00:01.785063+00:00
2022-02-13,155.88,-0.67,-0.43,,,,2022-01-07 06:00:01.785063+00:00
2022-02-14,255.29,-1.1,-0.43,265.85,-1.15,-0.43,2022-01-07 06:00:01.785063+00:00
2022-02-15,255.29,-1.1,-0.43,265.85,-1.15,-0.43,2022-01-07 06:00:01.785063+00:00
2022-02-16,255.29,-1.1,-0.43,265.85,-1.15,-0.43,2022-01-07 06:00:01.785063+00:00
2022-02-17,255.29,-1.1,-0.43,265.85,-1.15,-0.43,2022-01-07 06:00:01.785063+00:00
2022-02-18,255.29,-1.1,-0.43,265.85,-1.15,-0.43,2022-01-07 06:00:01.785063+00:00
2022-02-19,192.2,-0.83,-0.43,,,,2022-01-07 06:00:01.785063+00:00
2022-02-20,155.88,-0.67,-0.43,,,,2022-01-07 06:00:01.785063+00:00
2022-02-21,255.29,-1.1,-0.43,265.85,-1.15,-0.43,2022-01-07 06:00:01.785063+00:00
2022-02-22,255.29,-1.1,-0.43,265.85,-1.15,-0.43,2022-01-07 06:00:01.785063+00:00
2022-02-23,255.29,-1.1,-0.43,265.85,-1.15,-0.43,2022-01-07 06:00:01.785063+00:00
2022-02-24,255.29,-1.1,-0.43,265.85,-1.15,-0.43,2022-01-07 06:00:01.785063+00:00
2022-02-25,255.29,-1.1,-0.43,265.85,-1.15,-0.43,2022-01-07 06:00:01.785063+00:00
2022-02-26,192.2,-0.83,-0.43,,,,2022-01-07 06:00:01.785063+00:00
2022-02-27,155.88,-0.67,-0.43,,,,2022-01-07 06:00:01.785063+00:00
2022-02-28,255.29,-1.1,-0.43,265.85,-1.15,-0.43,2022-01-07 06:00:01.785063+00:00
2022-01-08,203.45,1.93,0.96,,,,2022-01-08 06:00:01.779704+00:00
2022-01-09,151.0,-12.44,-7.61,,,,2022-01-08 06:00:01.779704+00:00
2022-01-10,239.8,-13.2,-5.22,249.72,-13.75,-5.22,2022-01-08 06:00:01.779704+00:00
2022-01-11,239.8,-13.2,-5.22,249.72,-13.75,-5.22,2022-01-08 06:00:01.779704+00:00
2022-01-12,239.8,-13.2,-5.22,249.72,-13.75,-5.22,2022-01-08 06:00:01.779704+00:00
2022-01-13,239.8,-13.2,-5.22,249.72,-13.75,-5.22,2022-01-08 06:00:01.779704+00:00
2022-01-14,239.8,-13.2,-5.22,249.72,-13.75,-5.22,2022-01-08 06:00:01.779704+00:00
2022-01-15,180.56,-9.94,-5.22,,,,2022-01-08 06:00:01.779704+00:00
2022-01-16,146.42,-8.06,-5.22,,,,2022-01-08 06:00:01.779704+00:00
2022-01-17,193.6,-13.2,-6.38,201.61,-13.75,-6.38,2022-01-08 06:00:01.779704+00:00
2022-01-18,193.6,-13.2,-6.38,201.61,-13.75,-6.38,2022-01-08 06:00:01.779704+00:00
2022-01-19,193.6,-13.2,-6.38,201.61,-13.75,-6.38,2022-01-08 06:00:01.779704+00:00
2022-01-20,193.6,-13.2,-6.38,201.61,-13.75,-6.38,2022-01-08 06:00:01.779704+00:00
2022-01-21,193.6,-13.2,-6.38,201.61,-13.75,-6.38,2022-01-08 06:00:01.779704+00:00
2022-01-22,145.77,-9.94,-6.38,,,,2022-01-08 06:00:01.779704+00:00
2022-01-23,118.21,-8.06,-6.38,,,,2022-01-08 06:00:01.779704+00:00
2022-01-24,239.97,-13.2,-5.21,249.9,-13.75,-5.22,2022-01-08 06:00:01.779704+00:00
2022-01-25,239.97,-13.2,-5.21,249.9,-13.75,-5.22,2022-01-08 06:00:01.779704+00:00
2022-01-26,239.97,-13.2,-5.21,249.9,-13.75,-5.22,2022-01-08 06:00:01.779704+00:00
2022-01-27,239.97,-13.2,-5.21,249.9,-13.75,-5.22,2022-01-08 06:00:01.779704+00:00
2022-01-28,239.97,-13.2,-5.21,249.9,-13.75,-5.22,2022-01-08 06:00:01.779704+00:00
2022-01-29,180.68,-9.94,-5.21,,,,2022-01-08 06:00:01.779704+00:00
2022-01-30,146.52,-8.06,-5.21,,,,2022-01-08 06:00:01.779704+00:00
2022-01-31,241.69,-13.2,-5.18,251.69,-13.75,-5.18,2022-01-08 06:00:01.779704+00:00
2022-02-01,241.69,-13.2,-5.18,251.69,-13.75,-5.18,2022-01-08 06:00:01.779704+00:00
2022-02-02,241.69,-13.2,-5.18,251.69,-13.75,-5.18,2022-01-08 06:00:01.779704+00:00
2022-02-03,241.69,-13.2,-5.18,251.69,-13.75,-5.18,2022-01-08 06:00:01.779704+00:00
2022-02-04,241.69,-13.2,-5.18,251.69,-13.75,-5.18,2022-01-08 06:00:01.779704+00:00
2022-02-05,181.96,-9.94,-5.18,,,,2022-01-08 06:00:01.779704+00:00
2022-02-06,147.57,-8.06,-5.18,,,,2022-01-08 06:00:01.779704+00:00
2022-02-07,242.09,-13.2,-5.17,252.11,-13.74,-5.17,2022-01-08 06:00:01.779704+00:00
2022-02-08,242.09,-13.2,-5.17,252.11,-13.74,-5.17,2022-01-08 06:00:01.779704+00:00
2022-02-09,242.09,-13.2,-5.17,252.11,-13.74,-5.17,2022-01-08 06:00:01.779704+00:00
2022-02-10,242.09,-13.2,-5.17,252.11,-13.74,-5.17,2022-01-08 06:00:01.779704+00:00
2022-02-11,242.09,-13.2,-5.17,252.11,-13.74,-5.17,2022-01-08 06:00:01.779704+00:00
2022-02-12,182.27,-9.93,-5.17,,,,2022-01-08 06:00:01.779704+00:00
2022-02-13,147.82,-8.06,-5.17,,,,2022-01-08 06:00:01.779704+00:00
2022-02-14,242.09,-13.2,-5.17,252.11,-13.74,-5.17,2022-01-08 06:00:01.779704+00:00
2022-02-15,242.09,-13.2,-5.17,252.11,-13.74,-5.17,2022-01-08 06:00:01.779704+00:00
2022-02-16,242.09,-13.2,-5.17,252.11,-13.74,-5.17,2022-01-08 06:00:01.779704+00:00
2022-02-17,242.09,-13.2,-5.17,252.11,-13.74,-5.17,2022-01-08 06:00:01.779704+00:00
2022-02-18,242.09,-13.2,-5.17,252.11,-13.74,-5.17,2022-01-08 06:00:01.779704+00:00
2022-02-19,182.27,-9.93,-5.17,,,,2022-01-08 06:00:01.779704+00:00
2022-02-20,147.82,-8.06,-5.17,,,,2022-01-08 06:00:01.779704+00:00
2022-02-21,242.09,-13.2,-5.17,252.11,-13.74,-5.17,2022-01-08 06:00:01.779704+00:00
2022-02-22,242.09,-13.2,-5.17,252.11,-13.74,-5.17,2022-01-08 06:00:01.779704+00:00
2022-02-23,242.09,-13.2,-5.17,252.11,-13.74,-5.17,2022-01-08 06:00:01.779704+00:00
2022-02-24,242.09,-13.2,-5.17,252.11,-13.74,-5.17,2022-01-08 06:00:01.779704+00:00
2022-02-25,242.09,-13.2,-5.17,252.11,-13.74,-5.17,2022-01-08 06:00:01.779704+00:00
2022-02-26,182.27,-9.93,-5.17,,,,2022-01-08 06:00:01.779704+00:00
2022-02-27,147.82,-8.06,-5.17,,,,2022-01-08 06:00:01.779704+00:00
2022-02-28,242.09,-13.2,-5.17,252.11,-13.74,-5.17,2022-01-08 06:00:01.779704+00:00
2022-01-08,203.45,1.93,0.96,,,,2022-01-09 06:00:01.590743+00:00
2022-01-09,151.0,-12.44,-7.61,,,,2022-01-09 06:00:01.590743+00:00
2022-01-10,239.8,-13.2,-5.22,249.72,-13.75,-5.22,2022-01-09 06:00:01.590743+00:00
2022-01-11,239.8,-13.2,-5.22,249.72,-13.75,-5.22,2022-01-09 06:00:01.590743+00:00
2022-01-12,239.8,-13.2,-5.22,249.72,-13.75,-5.22,2022-01-09 06:00:01.590743+00:00
2022-01-13,239.8,-13.2,-5.22,249.72,-13.75,-5.22,2022-01-09 06:00:01.590743+00:00
2022-01-14,239.8,-13.2,-5.22,249.72,-13.75,-5.22,2022-01-09 06:00:01.590743+00:00
2022-01-15,180.56,-9.94,-5.22,,,,2022-01-09 06:00:01.590743+00:00
2022-01-16,146.42,-8.06,-5.22,,,,2022-01-09 06:00:01.590743+00:00
2022-01-17,193.6,-13.2,-6.38,201.61,-13.75,-6.38,2022-01-09 06:00:01.590743+00:00
2022-01-18,193.6,-13.2,-6.38,201.61,-13.75,-6.38,2022-01-09 06:00:01.590743+00:00
2022-01-19,193.6,-13.2,-6.38,201.61,-13.75,-6.38,2022-01-09 06:00:01.590743+00:00
2022-01-20,193.6,-13.2,-6.38,201.61,-13.75,-6.38,2022-01-09 06:00:01.590743+00:00
2022-01-21,193.6,-13.2,-6.38,201.61,-13.75,-6.38,2022-01-09 06:00:01.590743+00:00
2022-01-22,145.77,-9.94,-6.38,,,,2022-01-09 06:00:01.590743+00:00
2022-01-23,118.21,-8.06,-6.38,,,,2022-01-09 06:00:01.590743+00:00
2022-01-24,239.97,-13.2,-5.21,249.9,-13.75,-5.22,2022-01-09 06:00:01.590743+00:00
2022-01-25,239.97,-13.2,-5.21,249.9,-13.75,-5.22,2022-01-09 06:00:01.590743+00:00
2022-01-26,239.97,-13.2,-5.21,249.9,-13.75,-5.22,2022-01-09 06:00:01.590743+00:00
2022-01-27,239.97,-13.2,-5.21,249.9,-13.75,-5.22,2022-01-09 06:00:01.590743+00:00
2022-01-28,239.97,-13.2,-5.21,249.9,-13.75,-5.22,2022-01-09 06:00:01.590743+00:00
2022-01-29,180.68,-9.94,-5.21,,,,2022-01-09 06:00:01.590743+00:00
2022-01-30,146.52,-8.06,-5.21,,,,2022-01-09 06:00:01.590743+00:00
2022-01-31,241.69,-13.2,-5.18,251.69,-13.75,-5.18,2022-01-09 06:00:01.590743+00:00
2022-02-01,241.69,-13.2,-5.18,251.69,-13.75,-5.18,2022-01-09 06:00:01.590743+00:00
2022-02-02,241.69,-13.2,-5.18,251.69,-13.75,-5.18,2022-01-09 06:00:01.590743+00:00
2022-02-03,241.69,-13.2,-5.18,251.69,-13.75,-5.18,2022-01-09 06:00:01.590743+00:00
2022-02-04,241.69,-13.2,-5.18,251.69,-13.75,-5.18,2022-01-09 06:00:01.590743+00:00
2022-02-05,181.96,-9.94,-5.18,,,,2022-01-09 06:00:01.590743+00:00
2022-02-06,147.57,-8.06,-5.18,,,,2022-01-09 06:00:01.590743+00:00
2022-02-07,242.09,-13.2,-5.17,252.11,-13.74,-5.17,2022-01-09 06:00:01.590743+00:00
2022-02-08,242.09,-13.2,-5.17,252.11,-13.74,-5.17,2022-01-09 06:00:01.590743+00:00
2022-02-09,242.09,-13.2,-5.17,252.11,-13.74,-5.17,2022-01-09 06:00:01.590743+00:00
2022-02-10,242.09,-13.2,-5.17,252.11,-13.74,-5.17,2022-01-09 06:00:01.590743+00:00
2022-02-11,242.09,-13.2,-5.17,252.11,-13.74,-5.17,2022-01-09 06:00:01.590743+00:00
2022-02-12,182.27,-9.93,-5.17,,,,2022-01-09 06:00:01.590743+00:00
2022-02-13,147.82,-8.06,-5.17,,,,2022-01-09 06:00:01.590743+00:00
2022-02-14,242.09,-13.2,-5.17,252.11,-13.74,-5.17,2022-01-09 06:00:01.590743+00:00
2022-02-15,242.09,-13.2,-5.17,252.11,-13.74,-5.17,2022-01-09 06:00:01.590743+00:00
2022-02-16,242.09,-13.2,-5.17,252.11,-13.74,-5.17,2022-01-09 06:00:01.590743+00:00
2022-02-17,242.09,-13.2,-5.17,252.11,-13.74,-5.17,2022-01-09 06:00:01.590743+00:00
2022-02-18,242.09,-13.2,-5.17,252.11,-13.74,-5.17,2022-01-09 06:00:01.590743+00:00
2022-02-19,182.27,-9.93,-5.17,,,,2022-01-09 06:00:01.590743+00:00
2022-02-20,147.82,-8.06,-5.17,,,,2022-01-09 06:00:01.590743+00:00
2022-02-21,242.09,-13.2,-5.17,252.11,-13.74,-5.17,2022-01-09 06:00:01.590743+00:00
2022-02-22,242.09,-13.2,-5.17,252.11,-13.74,-5.17,2022-01-09 06:00:01.590743+00:00
2022-02-23,242.09,-13.2,-5.17,252.11,-13.74,-5.17,2022-01-09 06:00:01.590743+00:00
2022-02-24,242.09,-13.2,-5.17,252.11,-13.74,-5.17,2022-01-09 06:00:01.590743+00:00
2022-02-25,242.09,-13.2,-5.17,252.11,-13.74,-5.17,2022-01-09 06:00:01.590743+00:00
2022-02-26,182.27,-9.93,-5.17,,,,2022-01-09 06:00:01.590743+00:00
2022-02-27,147.82,-8.06,-5.17,,,,2022-01-09 06:00:01.590743+00:00
2022-02-28,242.09,-13.2,-5.17,252.11,-13.74,-5.17,2022-01-09 06:00:01.590743+00:00
2022-01-08,203.45,1.93,0.96,,,,2022-01-10 06:00:02.349286+00:00
2022-01-09,151.0,-12.44,-7.61,,,,2022-01-10 06:00:02.349286+00:00
2022-01-10,239.8,-13.2,-5.22,249.72,-13.75,-5.22,2022-01-10 06:00:02.349286+00:00
2022-01-11,239.8,-13.2,-5.22,249.72,-13.75,-5.22,2022-01-10 06:00:02.349286+00:00
2022-01-12,239.8,-13.2,-5.22,249.72,-13.75,-5.22,2022-01-10 06:00:02.349286+00:00
2022-01-13,239.8,-13.2,-5.22,249.72,-13.75,-5.22,2022-01-10 06:00:02.349286+00:00
2022-01-14,239.8,-13.2,-5.22,249.72,-13.75,-5.22,2022-01-10 06:00:02.349286+00:00
2022-01-15,180.56,-9.94,-5.22,,,,2022-01-10 06:00:02.349286+00:00
2022-01-16,146.42,-8.06,-5.22,,,,2022-01-10 06:00:02.349286+00:00
2022-01-17,193.6,-13.2,-6.38,201.61,-13.75,-6.38,2022-01-10 06:00:02.349286+00:00
2022-01-18,193.6,-13.2,-6.38,201.61,-13.75,-6.38,2022-01-10 06:00:02.349286+00:00
2022-01-19,193.6,-13.2,-6.38,201.61,-13.75,-6.38,2022-01-10 06:00:02.349286+00:00
2022-01-20,193.6,-13.2,-6.38,201.61,-13.75,-6.38,2022-01-10 06:00:02.349286+00:00
2022-01-21,193.6,-13.2,-6.38,201.61,-13.75,-6.38,2022-01-10 06:00:02.349286+00:00
2022-01-22,145.77,-9.94,-6.38,,,,2022-01-10 06:00:02.349286+00:00
2022-01-23,118.21,-8.06,-6.38,,,,2022-01-10 06:00:02.349286+00:00
2022-01-24,239.97,-13.2,-5.21,249.9,-13.75,-5.22,2022-01-10 06:00:02.349286+00:00
2022-01-25,239.97,-13.2,-5.21,249.9,-13.75,-5.22,2022-01-10 06:00:02.349286+00:00
2022-01-26,239.97,-13.2,-5.21,249.9,-13.75,-5.22,2022-01-10 06:00:02.349286+00:00
2022-01-27,239.97,-13.2,-5.21,249.9,-13.75,-5.22,2022-01-10 06:00:02.349286+00:00
2022-01-28,239.97,-13.2,-5.21,249.9,-13.75,-5.22,2022-01-10 06:00:02.349286+00:00
2022-01-29,180.68,-9.94,-5.21,,,,2022-01-10 06:00:02.349286+00:00
2022-01-30,146.52,-8.06,-5.21,,,,2022-01-10 06:00:02.349286+00:00
2022-01-31,241.69,-13.2,-5.18,251.69,-13.75,-5.18,2022-01-10 06:00:02.349286+00:00
2022-02-01,241.69,-13.2,-5.18,251.69,-13.75,-5.18,2022-01-10 06:00:02.349286+00:00
2022-02-02,241.69,-13.2,-5.18,251.69,-13.75,-5.18,2022-01-10 06:00:02.349286+00:00
2022-02-03,241.69,-13.2,-5.18,251.69,-13.75,-5.18,2022-01-10 06:00:02.349286+00:00
2022-02-04,241.69,-13.2,-5.18,251.69,-13.75,-5.18,2022-01-10 06:00:02.349286+00:00
2022-02-05,181.96,-9.94,-5.18,,,,2022-01-10 06:00:02.349286+00:00
2022-02-06,147.57,-8.06,-5.18,,,,2022-01-10 06:00:02.349286+00:00
2022-02-07,242.09,-13.2,-5.17,252.11,-13.74,-5.17,2022-01-10 06:00:02.349286+00:00
2022-02-08,242.09,-13.2,-5.17,252.11,-13.74,-5.17,2022-01-10 06:00:02.349286+00:00
2022-02-09,242.09,-13.2,-5.17,252.11,-13.74,-5.17,2022-01-10 06:00:02.349286+00:00
2022-02-10,242.09,-13.2,-5.17,252.11,-13.74,-5.17,2022-01-10 06:00:02.349286+00:00
2022-02-11,242.09,-13.2,-5.17,252.11,-13.74,-5.17,2022-01-10 06:00:02.349286+00:00
2022-02-12,182.27,-9.93,-5.17,,,,2022-01-10 06:00:02.349286+00:00
2022-02-13,147.82,-8.06,-5.17,,,,2022-01-10 06:00:02.349286+00:00
2022-02-14,242.09,-13.2,-5.17,252.11,-13.74,-5.17,2022-01-10 06:00:02.349286+00:00
2022-02-15,242.09,-13.2,-5.17,252.11,-13.74,-5.17,2022-01-10 06:00:02.349286+00:00
2022-02-16,242.09,-13.2,-5.17,252.11,-13.74,-5.17,2022-01-10 06:00:02.349286+00:00
2022-02-17,242.09,-13.2,-5.17,252.11,-13.74,-5.17,2022-01-10 06:00:02.349286+00:00
2022-02-18,242.09,-13.2,-5.17,252.11,-13.74,-5.17,2022-01-10 06:00:02.349286+00:00
2022-02-19,182.27,-9.93,-5.17,,,,2022-01-10 06:00:02.349286+00:00
2022-02-20,147.82,-8.06,-5.17,,,,2022-01-10 06:00:02.349286+00:00
2022-02-21,242.09,-13.2,-5.17,252.11,-13.74,-5.17,2022-01-10 06:00:02.349286+00:00
2022-02-22,242.09,-13.2,-5.17,252.11,-13.74,-5.17,2022-01-10 06:00:02.349286+00:00
2022-02-23,242.09,-13.2,-5.17,252.11,-13.74,-5.17,2022-01-10 06:00:02.349286+00:00
2022-02-24,242.09,-13.2,-5.17,252.11,-13.74,-5.17,2022-01-10 06:00:02.349286+00:00
2022-02-25,242.09,-13.2,-5.17,252.11,-13.74,-5.17,2022-01-10 06:00:02.349286+00:00
2022-02-26,182.27,-9.93,-5.17,,,,2022-01-10 06:00:02.349286+00:00
2022-02-27,147.82,-8.06,-5.17,,,,2022-01-10 06:00:02.349286+00:00
2022-02-28,242.09,-13.2,-5.17,252.11,-13.74,-5.17,2022-01-10 06:00:02.349286+00:00
2022-01-11,223.16,-16.64,-6.94,229.9,-19.82,-7.94,2022-01-11 06:00:02.393559+00:00
2022-01-12,223.16,-16.64,-6.94,228.18,-21.54,-8.63,2022-01-11 06:00:02.393559+00:00
2022-01-13,223.16,-16.64,-6.94,228.18,-21.54,-8.63,2022-01-11 06:00:02.393559+00:00
2022-01-14,223.16,-16.64,-6.94,228.18,-21.54,-8.63,2022-01-11 06:00:02.393559+00:00
2022-01-15,176.9,-3.66,-2.03,,,,2022-01-11 06:00:02.393559+00:00
2022-01-16,150.08,3.66,2.5,,,,2022-01-11 06:00:02.393559+00:00
2022-01-17,179.65,-13.95,-7.21,183.69,-17.92,-8.89,2022-01-11 06:00:02.393559+00:00
2022-01-18,179.65,-13.95,-7.21,183.69,-17.92,-8.89,2022-01-11 06:00:02.393559+00:00
2022-01-19,179.65,-13.95,-7.21,183.69,-17.92,-8.89,2022-01-11 06:00:02.393559+00:00
2022-01-20,179.65,-13.95,-7.21,183.69,-17.92,-8.89,2022-01-11 06:00:02.393559+00:00
2022-01-21,179.65,-13.95,-7.21,183.69,-17.92,-8.89,2022-01-11 06:00:02.393559+00:00
2022-01-22,144.57,-1.2,-0.82,,,,2022-01-11 06:00:02.393559+00:00
2022-01-23,122.65,4.44,3.76,,,,2022-01-11 06:00:02.393559+00:00
2022-01-24,225.13,-14.84,-6.18,230.19,-19.71,-7.89,2022-01-11 06:00:02.393559+00:00
2022-01-25,225.13,-14.84,-6.18,230.19,-19.71,-7.89,2022-01-11 06:00:02.393559+00:00
2022-01-26,225.13,-14.84,-6.18,230.19,-19.71,-7.89,2022-01-11 06:00:02.393559+00:00
2022-01-27,225.13,-14.84,-6.18,230.19,-19.71,-7.89,2022-01-11 06:00:02.393559+00:00
2022-01-28,225.13,-14.84,-6.18,230.19,-19.71,-7.89,2022-01-11 06:00:02.393559+00:00
2022-01-29,181.18,0.5,0.28,,,,2022-01-11 06:00:02.393559+00:00
2022-01-30,153.7,7.18,4.9,,,,2022-01-11 06:00:02.393559+00:00
2022-01-31,226.82,-14.87,-6.15,231.92,-19.77,-7.85,2022-01-11 06:00:02.393559+00:00
2022-02-01,226.82,-14.87,-6.15,231.92,-19.77,-7.85,2022-01-11 06:00:02.393559+00:00
2022-02-02,226.82,-14.87,-6.15,231.92,-19.77,-7.85,2022-01-11 06:00:02.393559+00:00
2022-02-03,226.82,-14.87,-6.15,231.92,-19.77,-7.85,2022-01-11 06:00:02.393559+00:00
2022-02-04,226.82,-14.87,-6.15,231.92,-19.77,-7.85,2022-01-11 06:00:02.393559+00:00
2022-02-05,182.53,0.57,0.31,,,,2022-01-11 06:00:02.393559+00:00
2022-02-06,154.85,7.28,4.93,,,,2022-01-11 06:00:02.393559+00:00
2022-02-07,227.21,-14.88,-6.15,232.32,-19.79,-7.85,2022-01-11 06:00:02.393559+00:00
2022-02-08,227.21,-14.88,-6.15,232.32,-19.79,-7.85,2022-01-11 06:00:02.393559+00:00
2022-02-09,227.21,-14.88,-6.15,232.32,-19.79,-7.85,2022-01-11 06:00:02.393559+00:00
2022-02-10,227.21,-14.88,-6.15,232.32,-19.79,-7.85,2022-01-11 06:00:02.393559+00:00
2022-02-11,227.21,-14.88,-6.15,232.32,-19.79,-7.85,2022-01-11 06:00:02.393559+00:00
2022-02-12,182.83,0.56,0.31,,,,2022-01-11 06:00:02.393559+00:00
2022-02-13,155.12,7.3,4.94,,,,2022-01-11 06:00:02.393559+00:00
2022-02-14,227.21,-14.88,-6.15,232.32,-19.79,-7.85,2022-01-11 06:00:02.393559+00:00
2022-02-15,227.21,-14.88,-6.15,232.32,-19.79,-7.85,2022-01-11 06:00:02.393559+00:00
2022-02-16,227.21,-14.88,-6.15,232.32,-19.79,-7.85,2022-01-11 06:00:02.393559+00:00
2022-02-17,227.21,-14.88,-6.15,232.32,-19.79,-7.85,2022-01-11 06:00:02.393559+00:00
2022-02-18,227.21,-14.88,-6.15,232.32,-19.79,-7.85,2022-01-11 06:00:02.393559+00:00
2022-02-19,182.83,0.56,0.31,,,,2022-01-11 06:00:02.393559+00:00
2022-02-20,155.12,7.3,4.94,,,,2022-01-11 06:00:02.393559+00:00
2022-02-21,227.21,-14.88,-6.15,232.32,-19.79,-7.85,2022-01-11 06:00:02.393559+00:00
2022-02-22,227.21,-14.88,-6.15,232.32,-19.79,-7.85,2022-01-11 06:00:02.393559+00:00
2022-02-23,227.21,-14.88,-6.15,232.32,-19.79,-7.85,2022-01-11 06:00:02.393559+00:00
2022-02-24,227.21,-14.88,-6.15,232.32,-19.79,-7.85,2022-01-11 06:00:02.393559+00:00
2022-02-25,227.21,-14.88,-6.15,232.32,-19.79,-7.85,2022-01-11 06:00:02.393559+00:00
2022-02-26,182.83,0.56,0.31,,,,2022-01-11 06:00:02.393559+00:00
2022-02-27,155.12,7.3,4.94,,,,2022-01-11 06:00:02.393559+00:00
2022-02-28,227.21,-14.88,-6.15,232.32,-19.79,-7.85,2022-01-11 06:00:02.393559+00:00
2022-01-12,206.07,-17.09,-7.66,212.87,-15.31,-6.71,2022-01-12 06:00:02.430831+00:00
2022-01-13,206.07,-17.09,-7.66,210.7,-17.48,-7.66,2022-01-12 06:00:02.430831+00:00
2022-01-14,206.07,-17.09,-7.66,210.7,-17.48,-7.66,2022-01-12 06:00:02.430831+00:00
2022-01-15,176.9,0.0,0.0,,,,2022-01-12 06:00:02.430831+00:00
2022-01-16,150.08,0.0,0.0,,,,2022-01-12 06:00:02.430831+00:00
2022-01-17,159.69,-19.96,-11.11,163.28,-20.41,-11.11,2022-01-12 06:00:02.430831+00:00
2022-01-18,159.69,-19.96,-11.11,163.28,-20.41,-11.11,2022-01-12 06:00:02.430831+00:00
2022-01-19,159.69,-19.96,-11.11,163.28,-20.41,-11.11,2022-01-12 06:00:02.430831+00:00
2022-01-20,159.69,-19.96,-11.11,163.28,-20.41,-11.11,2022-01-12 06:00:02.430831+00:00
2022-01-21,159.69,-19.96,-11.11,163.28,-20.41,-11.11,2022-01-12 06:00:02.430831+00:00
2022-01-22,128.5,-16.07,-11.12,,,,2022-01-12 06:00:02.430831+00:00
2022-01-23,109.02,-13.63,-11.11,,,,2022-01-12 06:00:02.430831+00:00
2022-01-24,205.17,-19.96,-8.87,209.78,-20.41,-8.87,2022-01-12 06:00:02.430831+00:00
2022-01-25,205.17,-19.96,-8.87,209.78,-20.41,-8.87,2022-01-12 06:00:02.430831+00:00
2022-01-26,205.17,-19.96,-8.87,209.78,-20.41,-8.87,2022-01-12 06:00:02.430831+00:00
2022-01-27,205.17,-19.96,-8.87,209.78,-20.41,-8.87,2022-01-12 06:00:02.430831+00:00
2022-01-28,205.17,-19.96,-8.87,209.78,-20.41,-8.87,2022-01-12 06:00:02.430831+00:00
2022-01-29,165.11,-16.07,-8.87,,,,2022-01-12 06:00:02.430831+00:00
2022-01-30,140.07,-13.63,-8.87,,,,2022-01-12 06:00:02.430831+00:00
2022-01-31,206.86,-19.96,-8.8,211.51,-20.41,-8.8,2022-01-12 06:00:02.430831+00:00
2022-02-01,206.86,-19.96,-8.8,211.51,-20.41,-8.8,2022-01-12 06:00:02.430831+00:00
2022-02-02,206.86,-19.96,-8.8,211.51,-20.41,-8.8,2022-01-12 06:00:02.430831+00:00
2022-02-03,206.86,-19.96,-8.8,211.51,-20.41,-8.8,2022-01-12 06:00:02.430831+00:00
2022-02-04,206.86,-19.96,-8.8,211.51,-20.41,-8.8,2022-01-12 06:00:02.430831+00:00
2022-02-05,166.46,-16.07,-8.8,,,,2022-01-12 06:00:02.430831+00:00
2022-02-06,141.22,-13.63,-8.8,,,,2022-01-12 06:00:02.430831+00:00
2022-02-07,207.24,-19.97,-8.79,211.9,-20.42,-8.79,2022-01-12 06:00:02.430831+00:00
2022-02-08,207.24,-19.97,-8.79,211.9,-20.42,-8.79,2022-01-12 06:00:02.430831+00:00
2022-02-09,207.24,-19.97,-8.79,211.9,-20.42,-8.79,2022-01-12 06:00:02.430831+00:00
2022-02-10,207.24,-19.97,-8.79,211.9,-20.42,-8.79,2022-01-12 06:00:02.430831+00:00
2022-02-11,207.24,-19.97,-8.79,211.9,-20.42,-8.79,2022-01-12 06:00:02.430831+00:00
2022-02-12,166.77,-16.06,-8.78,,,,2022-01-12 06:00:02.430831+00:00
2022-02-13,141.49,-13.63,-8.79,,,,2022-01-12 06:00:02.430831+00:00
2022-02-14,207.25,-19.96,-8.78,211.91,-20.41,-8.79,2022-01-12 06:00:02.430831+00:00
2022-02-15,207.25,-19.96,-8.78,211.91,-20.41,-8.79,2022-01-12 06:00:02.430831+00:00
2022-02-16,207.25,-19.96,-8.78,211.91,-20.41,-8.79,2022-01-12 06:00:02.430831+00:00
2022-02-17,207.25,-19.96,-8.78,211.91,-20.41,-8.79,2022-01-12 06:00:02.430831+00:00
2022-02-18,207.25,-19.96,-8.78,211.91,-20.41,-8.79,2022-01-12 06:00:02.430831+00:00
2022-02-19,166.78,-16.05,-8.78,,,,2022-01-12 06:00:02.430831+00:00
2022-02-20,141.49,-13.63,-8.79,,,,2022-01-12 06:00:02.430831+00:00
2022-02-21,207.25,-19.96,-8.78,211.91,-20.41,-8.79,2022-01-12 06:00:02.430831+00:00
2022-02-22,207.25,-19.96,-8.78,211.91,-20.41,-8.79,2022-01-12 06:00:02.430831+00:00
2022-02-23,207.25,-19.96,-8.78,211.91,-20.41,-8.79,2022-01-12 06:00:02.430831+00:00
2022-02-24,207.25,-19.96,-8.78,211.91,-20.41,-8.79,2022-01-12 06:00:02.430831+00:00
2022-02-25,207.25,-19.96,-8.78,211.91,-20.41,-8.79,2022-01-12 06:00:02.430831+00:00
2022-02-26,166.78,-16.05,-8.78,,,,2022-01-12 06:00:02.430831+00:00
2022-02-27,141.49,-13.63,-8.79,,,,2022-01-12 06:00:02.430831+00:00
2022-02-28,207.25,-19.96,-8.78,211.91,-20.41,-8.79,2022-01-12 06:00:02.430831+00:00
2022-01-13,215.11,9.04,4.39,226.48,15.78,7.49,2022-01-13 06:00:02.019193+00:00
2022-01-14,215.11,9.04,4.39,219.94,9.24,4.39,2022-01-13 06:00:02.019193+00:00
2022-01-15,176.9,0.0,0.0,,,,2022-01-13 06:00:02.019193+00:00
2022-01-16,150.08,0.0,0.0,,,,2022-01-13 06:00:02.019193+00:00
2022-01-17,152.14,-7.55,-4.73,155.56,-7.72,-4.73,2022-01-13 06:00:02.019193+00:00
2022-01-18,152.14,-7.55,-4.73,155.56,-7.72,-4.73,2022-01-13 06:00:02.019193+00:00
2022-01-19,152.14,-7.55,-4.73,155.56,-7.72,-4.73,2022-01-13 06:00:02.019193+00:00
2022-01-20,152.14,-7.55,-4.73,155.56,-7.72,-4.73,2022-01-13 06:00:02.019193+00:00
2022-01-21,152.14,-7.55,-4.73,155.56,-7.72,-4.73,2022-01-13 06:00:02.019193+00:00
2022-01-22,122.42,-6.08,-4.73,,,,2022-01-13 06:00:02.019193+00:00
2022-01-23,103.86,-5.16,-4.73,,,,2022-01-13 06:00:02.019193+00:00
2022-01-24,197.62,-7.55,-3.68,202.06,-7.72,-3.68,2022-01-13 06:00:02.019193+00:00
2022-01-25,197.62,-7.55,-3.68,202.06,-7.72,-3.68,2022-01-13 06:00:02.019193+00:00
2022-01-26,197.62,-7.55,-3.68,202.06,-7.72,-3.68,2022-01-13 06:00:02.019193+00:00
2022-01-27,197.62,-7.55,-3.68,202.06,-7.72,-3.68,2022-01-13 06:00:02.019193+00:00
2022-01-28,197.62,-7.55,-3.68,202.06,-7.72,-3.68,2022-01-13 06:00:02.019193+00:00
2022-01-29,159.03,-6.08,-3.68,,,,2022-01-13 06:00:02.019193+00:00
2022-01-30,134.91,-5.16,-3.68,,,,2022-01-13 06:00:02.019193+00:00
2022-01-31,199.3,-7.56,-3.65,203.78,-7.73,-3.65,2022-01-13 06:00:02.019193+00:00
2022-02-01,199.3,-7.56,-3.65,203.78,-7.73,-3.65,2022-01-13 06:00:02.019193+00:00
2022-02-02,199.3,-7.56,-3.65,203.78,-7.73,-3.65,2022-01-13 06:00:02.019193+00:00
2022-02-03,199.3,-7.56,-3.65,203.78,-7.73,-3.65,2022-01-13 06:00:02.019193+00:00
2022-02-04,199.3,-7.56,-3.65,203.78,-7.73,-3.65,2022-01-13 06:00:02.019193+00:00
2022-02-05,160.38,-6.08,-3.65,,,,2022-01-13 06:00:02.019193+00:00
2022-02-06,136.06,-5.16,-3.65,,,,2022-01-13 06:00:02.019193+00:00
2022-02-07,199.69,-7.55,-3.64,204.18,-7.72,-3.64,2022-01-13 06:00:02.019193+00:00
2022-02-08,199.69,-7.55,-3.64,204.18,-7.72,-3.64,2022-01-13 06:00:02.019193+00:00
2022-02-09,199.69,-7.55,-3.64,204.18,-7.72,-3.64,2022-01-13 06:00:02.019193+00:00
2022-02-10,199.69,-7.55,-3.64,204.18,-7.72,-3.64,2022-01-13 06:00:02.019193+00:00
2022-02-11,199.69,-7.55,-3.64,204.18,-7.72,-3.64,2022-01-13 06:00:02.019193+00:00
2022-02-12,160.69,-6.08,-3.65,,,,2022-01-13 06:00:02.019193+00:00
2022-02-13,136.32,-5.17,-3.65,,,,2022-01-13 06:00:02.019193+00:00
2022-02-14,199.7,-7.55,-3.64,204.19,-7.72,-3.64,2022-01-13 06:00:02.019193+00:00
2022-02-15,199.7,-7.55,-3.64,204.19,-7.72,-3.64,2022-01-13 06:00:02.019193+00:00
2022-02-16,199.7,-7.55,-3.64,204.19,-7.72,-3.64,2022-01-13 06:00:02.019193+00:00
2022-02-17,199.7,-7.55,-3.64,204.19,-7.72,-3.64,2022-01-13 06:00:02.019193+00:00
2022-02-18,199.7,-7.55,-3.64,204.19,-7.72,-3.64,2022-01-13 06:00:02.019193+00:00
2022-02-19,160.7,-6.08,-3.65,,,,2022-01-13 06:00:02.019193+00:00
2022-02-20,136.34,-5.15,-3.64,,,,2022-01-13 06:00:02.019193+00:00
2022-02-21,199.7,-7.55,-3.64,204.19,-7.72,-3.64,2022-01-13 06:00:02.019193+00:00
2022-02-22,199.7,-7.55,-3.64,204.19,-7.72,-3.64,2022-01-13 06:00:02.019193+00:00
2022-02-23,199.7,-7.55,-3.64,204.19,-7.72,-3.64,2022-01-13 06:00:02.019193+00:00
2022-02-24,199.7,-7.55,-3.64,204.19,-7.72,-3.64,2022-01-13 06:00:02.019193+00:00
2022-02-25,199.7,-7.55,-3.64,204.19,-7.72,-3.64,2022-01-13 06:00:02.019193+00:00
2022-02-26,160.7,-6.08,-3.65,,,,2022-01-13 06:00:02.019193+00:00
2022-02-27,136.34,-5.15,-3.64,,,,2022-01-13 06:00:02.019193+00:00
2022-02-28,199.7,-7.55,-3.64,204.19,-7.72,-3.64,2022-01-13 06:00:02.019193+00:00
