Día,Versión Liquidación,Estado,Fecha Liquidación,Fecha Reclamaciones,Versión Facturación,Fecha Facturación,Fecha Publicación Nota Agregada,Fecha Pagos,Fecha Cobros
01/12/2021,1,Pendiente de publicar,02/12/2021,09/12/2021,1,02/12/2021,07/12/2021,10/12/2021 10:00:00,13/12/2021
02/12/2021,1,Pendiente de publicar,03/12/2021,10/12/2021,1,03/12/2021,07/12/2021,10/12/2021 10:00:00,13/12/2021
03/12/2021,1,Pendiente de publicar,07/12/2021,13/12/2021,1,07/12/2021,07/12/2021,10/12/2021 10:00:00,13/12/2021
04/12/2021,1,Pendiente de publicar,07/12/2021,13/12/2021,1,07/12/2021,07/12/2021,10/12/2021 10:00:00,13/12/2021
05/12/2021,1,Pendiente de publicar,07/12/2021,13/12/2021,1,07/12/2021,07/12/2021,10/12/2021 10:00:00,13/12/2021
06/12/2021,1,Pendiente de publicar,07/12/2021,13/12/2021,1,07/12/2021,13/12/2021,15/12/2021 10:00:00,16/12/2021
07/12/2021,1,Pendiente de publicar,09/12/2021,14/12/2021,1,09/12/2021,13/12/2021,15/12/2021 10:00:00,16/12/2021
08/12/2021,1,Pendiente de publicar,09/12/2021,14/12/2021,1,09/12/2021,13/12/2021,15/12/2021 10:00:00,16/12/2021
09/12/2021,1,Pendiente de publicar,10/12/2021,15/12/2021,1,10/12/2021,13/12/2021,15/12/2021 10:00:00,16/12/2021
10/12/2021,1,Pendiente de publicar,13/12/2021,16/12/2021,1,13/12/2021,13/12/2021,15/12/2021 10:00:00,16/12/2021
11/12/2021,1,Pendiente de publicar,13/12/2021,16/12/2021,1,13/12/2021,13/12/2021,15/12/2021 10:00:00,16/12/2021
12/12/2021,1,Pendiente de publicar,13/12/2021,16/12/2021,1,13/12/2021,13/12/2021,15/12/2021 10:00:00,16/12/2021
13/12/2021,1,Pendiente de publicar,14/12/2021,17/12/2021,1,14/12/2021,20/12/2021,22/12/2021 10:00:00,23/12/2021
14/12/2021,1,Pendiente de publicar,15/12/2021,20/12/2021,1,15/12/2021,20/12/2021,22/12/2021 10:00:00,23/12/2021
15/12/2021,1,Pendiente de publicar,16/12/2021,21/12/2021,1,16/12/2021,20/12/2021,22/12/2021 10:00:00,23/12/2021
16/12/2021,1,Pendiente de publicar,17/12/2021,22/12/2021,1,17/12/2021,20/12/2021,22/12/2021 10:00:00,23/12/2021
17/12/2021,1,Pendiente de publicar,20/12/2021,23/12/2021,1,20/12/2021,20/12/2021,22/12/2021 10:00:00,23/12/2021
18/12/2021,1,Pendiente de publicar,20/12/2021,23/12/2021,1,20/12/2021,20/12/2021,22/12/2021 10:00:00,23/12/2021
19/12/2021,1,Pendiente de publicar,20/12/2021,23/12/2021,1,20/12/2021,20/12/2021,22/12/2021 10:00:00,23/12/2021
20/12/2021,1,Pendiente de publicar,21/12/2021,27/12/2021,1,21/12/2021,27/12/2021,29/12/2021 10:00:00,30/12/2021
21/12/2021,1,Pendiente de publicar,22/12/2021,28/12/2021,1,22/12/2021,27/12/2021,29/12/2021 10:00:00,30/12/2021
22/12/2021,1,Pendiente de publicar,23/12/2021,29/12/2021,1,23/12/2021,27/12/2021,29/12/2021 10:00:00,30/12/2021
23/12/2021,1,Pendiente de publicar,27/12/2021,30/12/2021,1,27/12/2021,27/12/2021,29/12/2021 10:00:00,30/12/2021
24/12/2021,1,Pendiente de publicar,27/12/2021,30/12/2021,1,27/12/2021,27/12/2021,29/12/2021 10:00:00,30/12/2021
25/12/2021,1,Pendiente de publicar,27/12/2021,30/12/2021,1,27/12/2021,27/12/2021,29/12/2021 10:00:00,30/12/2021
26/12/2021,1,Pendiente de publicar,27/12/2021,30/12/2021,1,27/12/2021,27/12/2021,29/12/2021 10:00:00,30/12/2021
27/12/2021,1,Pendiente de publicar,28/12/2021,03/01/2022,1,28/12/2021,03/01/2022,05/01/2022 10:00:00,07/01/2022
28/12/2021,1,Pendiente de publicar,29/12/2021,04/01/2022,1,29/12/2021,03/01/2022,05/01/2022 10:00:00,07/01/2022
29/12/2021,1,Pendiente de publicar,30/12/2021,05/01/2022,1,30/12/2021,03/01/2022,05/01/2022 10:00:00,07/01/2022
30/12/2021,1,Pendiente de publicar,03/01/2022,07/01/2022,1,03/01/2022,03/01/2022,05/01/2022 10:00:00,07/01/2022
31/12/2021,1,Pendiente de publicar,03/01/2022,07/01/2022,1,03/01/2022,03/01/2022,05/01/2022 10:00:00,07/01/2022
01/01/2022,1,Pendiente de publicar,03/01/2022,07/01/2022,1,03/01/2022,03/01/2022,05/01/2022 10:00:00,07/01/2022
02/01/2022,1,Pendiente de publicar,03/01/2022,07/01/2022,1,03/01/2022,03/01/2022,05/01/2022 10:00:00,07/01/2022
03/01/2022,1,Pendiente de publicar,04/01/2022,10/01/2022,1,04/01/2022,10/01/2022,12/01/2022 10:00:00,13/01/2022
04/01/2022,1,Pendiente de publicar,05/01/2022,11/01/2022,1,05/01/2022,10/01/2022,12/01/2022 10:00:00,13/01/2022
05/01/2022,1,Pendiente de publicar,07/01/2022,12/01/2022,1,07/01/2022,10/01/2022,12/01/2022 10:00:00,13/01/2022
06/01/2022,1,Pendiente de publicar,07/01/2022,12/01/2022,1,07/01/2022,10/01/2022,12/01/2022 10:00:00,13/01/2022
07/01/2022,1,Pendiente de publicar,10/01/2022,13/01/2022,1,10/01/2022,10/01/2022,12/01/2022 10:00:00,13/01/2022
08/01/2022,1,Pendiente de publicar,10/01/2022,13/01/2022,1,10/01/2022,10/01/2022,12/01/2022 10:00:00,13/01/2022
09/01/2022,1,Pendiente de publicar,10/01/2022,13/01/2022,1,10/01/2022,10/01/2022,12/01/2022 10:00:00,13/01/2022
10/01/2022,1,Pendiente de publicar,11/01/2022,14/01/2022,1,11/01/2022,17/01/2022,19/01/2022 10:00:00,20/01/2022
11/01/2022,1,Pendiente de publicar,12/01/2022,17/01/2022,1,12/01/2022,17/01/2022,19/01/2022 10:00:00,20/01/2022
12/01/2022,1,Pendiente de publicar,13/01/2022,18/01/2022,1,13/01/2022,17/01/2022,19/01/2022 10:00:00,20/01/2022
13/01/2022,1,Pendiente de publicar,14/01/2022,19/01/2022,1,14/01/2022,17/01/2022,19/01/2022 10:00:00,20/01/2022
14/01/2022,1,Pendiente de publicar,17/01/2022,20/01/2022,1,17/01/2022,17/01/2022,19/01/2022 10:00:00,20/01/2022
15/01/2022,1,Pendiente de publicar,17/01/2022,20/01/2022,1,17/01/2022,17/01/2022,19/01/2022 10:00:00,20/01/2022
16/01/2022,1,Pendiente de publicar,17/01/2022,20/01/2022,1,17/01/2022,17/01/2022,19/01/2022 10:00:00,20/01/2022
17/01/2022,1,Pendiente de publicar,18/01/2022,21/01/2022,1,18/01/2022,24/01/2022,26/01/2022 10:00:00,27/01/2022
18/01/2022,1,Pendiente de publicar,19/01/2022,24/01/2022,1,19/01/2022,24/01/2022,26/01/2022 10:00:00,27/01/2022
19/01/2022,1,Pendiente de publicar,20/01/2022,25/01/2022,1,20/01/2022,24/01/2022,26/01/2022 10:00:00,27/01/2022
20/01/2022,1,Pendiente de publicar,21/01/2022,26/01/2022,1,21/01/2022,24/01/2022,26/01/2022 10:00:00,27/01/2022
21/01/2022,1,Pendiente de publicar,24/01/2022,27/01/2022,1,24/01/2022,24/01/2022,26/01/2022 10:00:00,27/01/2022
22/01/2022,1,Pendiente de publicar,24/01/2022,27/01/2022,1,24/01/2022,24/01/2022,26/01/2022 10:00:00,27/01/2022
23/01/2022,1,Pendiente de publicar,24/01/2022,27/01/2022,1,24/01/2022,24/01/2022,26/01/2022 10:00:00,27/01/2022
24/01/2022,1,Pendiente de publicar,25/01/2022,28/01/2022,1,25/01/2022,31/01/2022,02/02/2022 10:00:00,03/02/2022
25/01/2022,1,Pendiente de publicar,26/01/2022,31/01/2022,1,26/01/2022,31/01/2022,02/02/2022 10:00:00,03/02/2022
26/01/2022,1,Pendiente de publicar,27/01/2022,01/02/2022,1,27/01/2022,31/01/2022,02/02/2022 10:00:00,03/02/2022
27/01/2022,1,Pendiente de publicar,28/01/2022,02/02/2022,1,28/01/2022,31/01/2022,02/02/2022 10:00:00,03/02/2022
28/01/2022,1,Pendiente de publicar,31/01/2022,03/02/2022,1,31/01/2022,31/01/2022,02/02/2022 10:00:00,03/02/2022
29/01/2022,1,Pendiente de publicar,31/01/2022,03/02/2022,1,31/01/2022,31/01/2022,02/02/2022 10:00:00,03/02/2022
30/01/2022,1,Pendiente de publicar,31/01/2022,03/02/2022,1,31/01/2022,31/01/2022,02/02/2022 10:00:00,03/02/2022
31/01/2022,1,Pendiente de publicar,01/02/2022,04/02/2022,1,01/02/2022,07/02/2022,09/02/2022 10:00:00,10/02/2022
01/02/2022,1,Pendiente de publicar,02/02/2022,07/02/2022,1,02/02/2022,07/02/2022,09/02/2022 10:00:00,10/02/2022
02/02/2022,1,Pendiente de publicar,03/02/2022,08/02/2022,1,03/02/2022,07/02/2022,09/02/2022 10:00:00,10/02/2022
03/02/2022,1,Pendiente de publicar,04/02/2022,09/02/2022,1,04/02/2022,07/02/2022,09/02/2022 10:00:00,10/02/2022
04/02/2022,1,Pendiente de publicar,07/02/2022,10/02/2022,1,07/02/2022,07/02/2022,09/02/2022 10:00:00,10/02/2022
05/02/2022,1,Pendiente de publicar,07/02/2022,10/02/2022,1,07/02/2022,07/02/2022,09/02/2022 10:00:00,10/02/2022
06/02/2022,1,Pendiente de publicar,07/02/2022,10/02/2022,1,07/02/2022,07/02/2022,09/02/2022 10:00:00,10/02/2022
07/02/2022,1,Pendiente de publicar,08/02/2022,11/02/2022,1,08/02/2022,14/02/2022,16/02/2022 10:00:00,17/02/2022
08/02/2022,1,Pendiente de publicar,09/02/2022,14/02/2022,1,09/02/2022,14/02/2022,16/02/2022 10:00:00,17/02/2022
09/02/2022,1,Pendiente de publicar,10/02/2022,15/02/2022,1,10/02/2022,14/02/2022,16/02/2022 10:00:00,17/02/2022
10/02/2022,1,Pendiente de publicar,11/02/2022,16/02/2022,1,11/02/2022,14/02/2022,16/02/2022 10:00:00,17/02/2022
11/02/2022,1,Pendiente de publicar,14/02/2022,17/02/2022,1,14/02/2022,14/02/2022,16/02/2022 10:00:00,17/02/2022
12/02/2022,1,Pendiente de publicar,14/02/2022,17/02/2022,1,14/02/2022,14/02/2022,16/02/2022 10:00:00,17/02/2022
13/02/2022,1,Pendiente de publicar,14/02/2022,17/02/2022,1,14/02/2022,14/02/2022,16/02/2022 10:00:00,17/02/2022
14/02/2022,1,Pendiente de publicar,15/02/2022,18/02/2022,1,15/02/2022,21/02/2022,23/02/2022 10:00:00,24/02/2022
15/02/2022,1,Pendiente de publicar,16/02/2022,21/02/2022,1,16/02/2022,21/02/2022,23/02/2022 10:00:00,24/02/2022
16/02/2022,1,Pendiente de publicar,17/02/2022,22/02/2022,1,17/02/2022,21/02/2022,23/02/2022 10:00:00,24/02/2022
17/02/2022,1,Pendiente de publicar,18/02/2022,23/02/2022,1,18/02/2022,21/02/2022,23/02/2022 10:00:00,24/02/2022
18/02/2022,1,Pendiente de publicar,21/02/2022,24/02/2022,1,21/02/2022,21/02/2022,23/02/2022 10:00:00,24/02/2022
19/02/2022,1,Pendiente de publicar,21/02/2022,24/02/2022,1,21/02/2022,21/02/2022,23/02/2022 10:00:00,24/02/2022
20/02/2022,1,Pendiente de publicar,21/02/2022,24/02/2022,1,21/02/2022,21/02/2022,23/02/2022 10:00:00,24/02/2022
21/02/2022,1,Pendiente de publicar,22/02/2022,25/02/2022,1,22/02/2022,28/02/2022,02/03/2022 10:00:00,03/03/2022
22/02/2022,1,Pendiente de publicar,23/02/2022,28/02/2022,1,23/02/2022,28/02/2022,02/03/2022 10:00:00,03/03/2022
23/02/2022,1,Pendiente de publicar,24/02/2022,01/03/2022,1,24/02/2022,28/02/2022,02/03/2022 10:00:00,03/03/2022
24/02/2022,1,Pendiente de publicar,25/02/2022,02/03/2022,1,25/02/2022,28/02/2022,02/03/2022 10:00:00,03/03/2022
25/02/2022,1,Pendiente de publicar,28/02/2022,03/03/2022,1,28/02/2022,28/02/2022,02/03/2022 10:00:00,03/03/2022
26/02/2022,1,Pendiente de publicar,28/02/2022,03/03/2022,1,28/02/2022,28/02/2022,02/03/2022 10:00:00,03/03/2022
27/02/2022,1,Pendiente de publicar,28/02/2022,03/03/2022,1,28/02/2022,28/02/2022,02/03/2022 10:00:00,03/03/2022
28/02/2022,1,Pendiente de publicar,01/03/2022,04/03/2022,1,01/03/2022,07/03/2022,09/03/2022 10:00:00,10/03/2022
01/03/2022,1,Pendiente de publicar,02/03/2022,07/03/2022,1,02/03/2022,07/03/2022,09/03/2022 10:00:00,10/03/2022
02/03/2022,1,Pendiente de publicar,03/03/2022,08/03/2022,1,03/03/2022,07/03/2022,09/03/2022 10:00:00,10/03/2022
03/03/2022,1,Pendiente de publicar,04/03/2022,09/03/2022,1,04/03/2022,07/03/2022,09/03/2022 10:00:00,10/03/2022
04/03/2022,1,Pendiente de publicar,07/03/2022,10/03/2022,1,07/03/2022,07/03/2022,09/03/2022 10:00:00,10/03/2022
05/03/2022,1,Pendiente de publicar,07/03/2022,10/03/2022,1,07/03/2022,07/03/2022,09/03/2022 10:00:00,10/03/2022
06/03/2022,1,Pendiente de publicar,07/03/2022,10/03/2022,1,07/03/2022,07/03/2022,09/03/2022 10:00:00,10/03/2022
07/03/2022,1,Pendiente de publicar,08/03/2022,11/03/2022,1,08/03/2022,14/03/2022,16/03/2022 10:00:00,17/03/2022
08/03/2022,1,Pendiente de publicar,09/03/2022,14/03/2022,1,09/03/2022,14/03/2022,16/03/2022 10:00:00,17/03/2022
09/03/2022,1,Pendiente de publicar,10/03/2022,15/03/2022,1,10/03/2022,14/03/2022,16/03/2022 10:00:00,17/03/2022
10/03/2022,1,Pendiente de publicar,11/03/2022,16/03/2022,1,11/03/2022,14/03/2022,16/03/2022 10:00:00,17/03/2022
11/03/2022,1,Pendiente de publicar,14/03/2022,17/03/2022,1,14/03/2022,14/03/2022,16/03/2022 10:00:00,17/03/2022
12/03/2022,1,Pendiente de publicar,14/03/2022,17/03/2022,1,14/03/2022,14/03/2022,16/03/2022 10:00:00,17/03/2022
13/03/2022,1,Pendiente de publicar,14/03/2022,17/03/2022,1,14/03/2022,14/03/2022,16/03/2022 10:00:00,17/03/2022
14/03/2022,1,Pendiente de publicar,15/03/2022,18/03/2022,1,15/03/2022,21/03/2022,23/03/2022 10:00:00,24/03/2022
15/03/2022,1,Pendiente de publicar,16/03/2022,21/03/2022,1,16/03/2022,21/03/2022,23/03/2022 10:00:00,24/03/2022
16/03/2022,1,Pendiente de publicar,17/03/2022,22/03/2022,1,17/03/2022,21/03/2022,23/03/2022 10:00:00,24/03/2022
17/03/2022,1,Pendiente de publicar,18/03/2022,23/03/2022,1,18/03/2022,21/03/2022,23/03/2022 10:00:00,24/03/2022
18/03/2022,1,Pendiente de publicar,21/03/2022,24/03/2022,1,21/03/2022,21/03/2022,23/03/2022 10:00:00,24/03/2022
19/03/2022,1,Pendiente de publicar,21/03/2022,24/03/2022,1,21/03/2022,21/03/2022,23/03/2022 10:00:00,24/03/2022
20/03/2022,1,Pendiente de publicar,21/03/2022,24/03/2022,1,21/03/2022,21/03/2022,23/03/2022 10:00:00,24/03/2022
21/03/2022,1,Pendiente de publicar,22/03/2022,25/03/2022,1,22/03/2022,28/03/2022,30/03/2022 10:00:00,31/03/2022
22/03/2022,1,Pendiente de publicar,23/03/2022,28/03/2022,1,23/03/2022,28/03/2022,30/03/2022 10:00:00,31/03/2022
23/03/2022,1,Pendiente de publicar,24/03/2022,29/03/2022,1,24/03/2022,28/03/2022,30/03/2022 10:00:00,31/03/2022
24/03/2022,1,Pendiente de publicar,25/03/2022,30/03/2022,1,25/03/2022,28/03/2022,30/03/2022 10:00:00,31/03/2022
25/03/2022,1,Pendiente de publicar,28/03/2022,31/03/2022,1,28/03/2022,28/03/2022,30/03/2022 10:00:00,31/03/2022
26/03/2022,1,Pendiente de publicar,28/03/2022,31/03/2022,1,28/03/2022,28/03/2022,30/03/2022 10:00:00,31/03/2022
27/03/2022,1,Pendiente de publicar,28/03/2022,31/03/2022,1,28/03/2022,28/03/2022,30/03/2022 10:00:00,31/03/2022
28/03/2022,1,Pendiente de publicar,29/03/2022,01/04/2022,1,29/03/2022,04/04/2022,06/04/2022 10:00:00,07/04/2022
29/03/2022,1,Pendiente de publicar,30/03/2022,04/04/2022,1,30/03/2022,04/04/2022,06/04/2022 10:00:00,07/04/2022
30/03/2022,1,Pendiente de publicar,31/03/2022,05/04/2022,1,31/03/2022,04/04/2022,06/04/2022 10:00:00,07/04/2022
31/03/2022,1,Pendiente de publicar,01/04/2022,06/04/2022,1,01/04/2022,04/04/2022,06/04/2022 10:00:00,07/04/2022
01/04/2022,1,Pendiente de publicar,04/04/2022,07/04/2022,1,04/04/2022,04/04/2022,06/04/2022 10:00:00,07/04/2022
02/04/2022,1,Pendiente de publicar,04/04/2022,07/04/2022,1,04/04/2022,04/04/2022,06/04/2022 10:00:00,07/04/2022
03/04/2022,1,Pendiente de publicar,04/04/2022,07/04/2022,1,04/04/2022,04/04/2022,06/04/2022 10:00:00,07/04/2022
04/04/2022,1,Pendiente de publicar,05/04/2022,08/04/2022,1,05/04/2022,11/04/2022,13/04/2022 10:00:00,19/04/2022
05/04/2022,1,Pendiente de publicar,06/04/2022,11/04/2022,1,06/04/2022,11/04/2022,13/04/2022 10:00:00,19/04/2022
06/04/2022,1,Pendiente de publicar,07/04/2022,12/04/2022,1,07/04/2022,11/04/2022,13/04/2022 10:00:00,19/04/2022
07/04/2022,1,Pendiente de publicar,08/04/2022,13/04/2022,1,08/04/2022,11/04/2022,13/04/2022 10:00:00,19/04/2022
08/04/2022,1,Pendiente de publicar,11/04/2022,18/04/2022,1,11/04/2022,11/04/2022,13/04/2022 10:00:00,19/04/2022
09/04/2022,1,Pendiente de publicar,11/04/2022,18/04/2022,1,11/04/2022,11/04/2022,13/04/2022 10:00:00,19/04/2022
10/04/2022,1,Pendiente de publicar,11/04/2022,18/04/2022,1,11/04/2022,11/04/2022,13/04/2022 10:00:00,19/04/2022
11/04/2022,1,Pendiente de publicar,12/04/2022,19/04/2022,1,12/04/2022,18/04/2022,20/04/2022 10:00:00,21/04/2022
12/04/2022,1,Pendiente de publicar,13/04/2022,20/04/2022,1,13/04/2022,18/04/2022,20/04/2022 10:00:00,21/04/2022
13/04/2022,1,Pendiente de publicar,18/04/2022,21/04/2022,1,18/04/2022,18/04/2022,20/04/2022 10:00:00,21/04/2022
14/04/2022,1,Pendiente de publicar,18/04/2022,21/04/2022,1,18/04/2022,18/04/2022,20/04/2022 10:00:00,21/04/2022
15/04/2022,1,Pendiente de publicar,18/04/2022,21/04/2022,1,18/04/2022,18/04/2022,20/04/2022 10:00:00,21/04/2022
16/04/2022,1,Pendiente de publicar,18/04/2022,21/04/2022,1,18/04/2022,18/04/2022,20/04/2022 10:00:00,21/04/2022
17/04/2022,1,Pendiente de publicar,18/04/2022,21/04/2022,1,18/04/2022,18/04/2022,20/04/2022 10:00:00,21/04/2022
18/04/2022,1,Pendiente de publicar,19/04/2022,22/04/2022,1,19/04/2022,25/04/2022,27/04/2022 10:00:00,28/04/2022
19/04/2022,1,Pendiente de publicar,20/04/2022,25/04/2022,1,20/04/2022,25/04/2022,27/04/2022 10:00:00,28/04/2022
20/04/2022,1,Pendiente de publicar,21/04/2022,26/04/2022,1,21/04/2022,25/04/2022,27/04/2022 10:00:00,28/04/2022
21/04/2022,1,Pendiente de publicar,22/04/2022,27/04/2022,1,22/04/2022,25/04/2022,27/04/2022 10:00:00,28/04/2022
22/04/2022,1,Pendiente de publicar,25/04/2022,28/04/2022,1,25/04/2022,25/04/2022,27/04/2022 10:00:00,28/04/2022
23/04/2022,1,Pendiente de publicar,25/04/2022,28/04/2022,1,25/04/2022,25/04/2022,27/04/2022 10:00:00,28/04/2022
24/04/2022,1,Pendiente de publicar,25/04/2022,28/04/2022,1,25/04/2022,25/04/2022,27/04/2022 10:00:00,28/04/2022
25/04/2022,1,Pendiente de publicar,26/04/2022,29/04/2022,1,26/04/2022,03/05/2022,05/05/2022 10:00:00,06/05/2022
26/04/2022,1,Pendiente de publicar,27/04/2022,03/05/2022,1,27/04/2022,03/05/2022,05/05/2022 10:00:00,06/05/2022
27/04/2022,1,Pendiente de publicar,28/04/2022,04/05/2022,1,28/04/2022,03/05/2022,05/05/2022 10:00:00,06/05/2022
28/04/2022,1,Pendiente de publicar,29/04/2022,05/05/2022,1,29/04/2022,03/05/2022,05/05/2022 10:00:00,06/05/2022
29/04/2022,1,Pendiente de publicar,03/05/2022,06/05/2022,1,03/05/2022,03/05/2022,05/05/2022 10:00:00,06/05/2022
30/04/2022,1,Pendiente de publicar,03/05/2022,06/05/2022,1,03/05/2022,03/05/2022,05/05/2022 10:00:00,06/05/2022
01/05/2022,1,Pendiente de publicar,03/05/2022,06/05/2022,1,03/05/2022,03/05/2022,05/05/2022 10:00:00,06/05/2022
02/05/2022,1,Pendiente de publicar,03/05/2022,06/05/2022,1,03/05/2022,09/05/2022,11/05/2022 10:00:00,12/05/2022
03/05/2022,1,Pendiente de publicar,04/05/2022,09/05/2022,1,04/05/2022,09/05/2022,11/05/2022 10:00:00,12/05/2022
04/05/2022,1,Pendiente de publicar,05/05/2022,10/05/2022,1,05/05/2022,09/05/2022,11/05/2022 10:00:00,12/05/2022
05/05/2022,1,Pendiente de publicar,06/05/2022,11/05/2022,1,06/05/2022,09/05/2022,11/05/2022 10:00:00,12/05/2022
06/05/2022,1,Pendiente de publicar,09/05/2022,12/05/2022,1,09/05/2022,09/05/2022,11/05/2022 10:00:00,12/05/2022
07/05/2022,1,Pendiente de publicar,09/05/2022,12/05/2022,1,09/05/2022,09/05/2022,11/05/2022 10:00:00,12/05/2022
08/05/2022,1,Pendiente de publicar,09/05/2022,12/05/2022,1,09/05/2022,09/05/2022,11/05/2022 10:00:00,12/05/2022
09/05/2022,1,Pendiente de publicar,10/05/2022,13/05/2022,1,10/05/2022,17/05/2022,19/05/2022 10:00:00,20/05/2022
10/05/2022,1,Pendiente de publicar,11/05/2022,17/05/2022,1,11/05/2022,17/05/2022,19/05/2022 10:00:00,20/05/2022
11/05/2022,1,Pendiente de publicar,12/05/2022,18/05/2022,1,12/05/2022,17/05/2022,19/05/2022 10:00:00,20/05/2022
12/05/2022,1,Pendiente de publicar,13/05/2022,19/05/2022,1,13/05/2022,17/05/2022,19/05/2022 10:00:00,20/05/2022
13/05/2022,1,Pendiente de publicar,17/05/2022,20/05/2022,1,17/05/2022,17/05/2022,19/05/2022 10:00:00,20/05/2022
14/05/2022,1,Pendiente de publicar,17/05/2022,20/05/2022,1,17/05/2022,17/05/2022,19/05/2022 10:00:00,20/05/2022
15/05/2022,1,Pendiente de publicar,17/05/2022,20/05/2022,1,17/05/2022,17/05/2022,19/05/2022 10:00:00,20/05/2022
16/05/2022,1,Pendiente de publicar,17/05/2022,20/05/2022,1,17/05/2022,23/05/2022,25/05/2022 10:00:00,26/05/2022
17/05/2022,1,Pendiente de publicar,18/05/2022,23/05/2022,1,18/05/2022,23/05/2022,25/05/2022 10:00:00,26/05/2022
18/05/2022,1,Pendiente de publicar,19/05/2022,24/05/2022,1,19/05/2022,23/05/2022,25/05/2022 10:00:00,26/05/2022
19/05/2022,1,Pendiente de publicar,20/05/2022,25/05/2022,1,20/05/2022,23/05/2022,25/05/2022 10:00:00,26/05/2022
20/05/2022,1,Pendiente de publicar,23/05/2022,26/05/2022,1,23/05/2022,23/05/2022,25/05/2022 10:00:00,26/05/2022
21/05/2022,1,Pendiente de publicar,23/05/2022,26/05/2022,1,23/05/2022,23/05/2022,25/05/2022 10:00:00,26/05/2022
22/05/2022,1,Pendiente de publicar,23/05/2022,26/05/2022,1,23/05/2022,23/05/2022,25/05/2022 10:00:00,26/05/2022
23/05/2022,1,Pendiente de publicar,24/05/2022,27/05/2022,1,24/05/2022,30/05/2022,01/06/2022 10:00:00,02/06/2022
24/05/2022,1,Pendiente de publicar,25/05/2022,30/05/2022,1,25/05/2022,30/05/2022,01/06/2022 10:00:00,02/06/2022
25/05/2022,1,Pendiente de publicar,26/05/2022,31/05/2022,1,26/05/2022,30/05/2022,01/06/2022 10:00:00,02/06/2022
26/05/2022,1,Pendiente de publicar,27/05/2022,01/06/2022,1,27/05/2022,30/05/2022,01/06/2022 10:00:00,02/06/2022
27/05/2022,1,Pendiente de publicar,30/05/2022,02/06/2022,1,30/05/2022,30/05/2022,01/06/2022 10:00:00,02/06/2022
28/05/2022,1,Pendiente de publicar,30/05/2022,02/06/2022,1,30/05/2022,30/05/2022,01/06/2022 10:00:00,02/06/2022
29/05/2022,1,Pendiente de publicar,30/05/2022,02/06/2022,1,30/05/2022,30/05/2022,01/06/2022 10:00:00,02/06/2022
30/05/2022,1,Pendiente de publicar,31/05/2022,03/06/2022,1,31/05/2022,06/06/2022,08/06/2022 10:00:00,09/06/2022
31/05/2022,1,Pendiente de publicar,01/06/2022,06/06/2022,1,01/06/2022,06/06/2022,08/06/2022 10:00:00,09/06/2022
01/06/2022,1,Pendiente de publicar,02/06/2022,07/06/2022,1,02/06/2022,06/06/2022,08/06/2022 10:00:00,09/06/2022
02/06/2022,1,Pendiente de publicar,03/06/2022,08/06/2022,1,03/06/2022,06/06/2022,08/06/2022 10:00:00,09/06/2022
03/06/2022,1,Pendiente de publicar,06/06/2022,09/06/2022,1,06/06/2022,06/06/2022,08/06/2022 10:00:00,09/06/2022
04/06/2022,1,Pendiente de publicar,06/06/2022,09/06/2022,1,06/06/2022,06/06/2022,08/06/2022 10:00:00,09/06/2022
05/06/2022,1,Pendiente de publicar,06/06/2022,09/06/2022,1,06/06/2022,06/06/2022,08/06/2022 10:00:00,09/06/2022
06/06/2022,1,Pendiente de publicar,07/06/2022,10/06/2022,1,07/06/2022,13/06/2022,15/06/2022 10:00:00,16/06/2022
07/06/2022,1,Pendiente de publicar,08/06/2022,13/06/2022,1,08/06/2022,13/06/2022,15/06/2022 10:00:00,16/06/2022
08/06/2022,1,Pendiente de publicar,09/06/2022,14/06/2022,1,09/06/2022,13/06/2022,15/06/2022 10:00:00,16/06/2022
09/06/2022,1,Pendiente de publicar,10/06/2022,15/06/2022,1,10/06/2022,13/06/2022,15/06/2022 10:00:00,16/06/2022
10/06/2022,1,Pendiente de publicar,13/06/2022,16/06/2022,1,13/06/2022,13/06/2022,15/06/2022 10:00:00,16/06/2022
11/06/2022,1,Pendiente de publicar,13/06/2022,16/06/2022,1,13/06/2022,13/06/2022,15/06/2022 10:00:00,16/06/2022
12/06/2022,1,Pendiente de publicar,13/06/2022,16/06/2022,1,13/06/2022,13/06/2022,15/06/2022 10:00:00,16/06/2022
13/06/2022,1,Pendiente de publicar,14/06/2022,17/06/2022,1,14/06/2022,20/06/2022,22/06/2022 10:00:00,23/06/2022
14/06/2022,1,Pendiente de publicar,15/06/2022,20/06/2022,1,15/06/2022,20/06/2022,22/06/2022 10:00:00,23/06/2022
15/06/2022,1,Pendiente de publicar,16/06/2022,21/06/2022,1,16/06/2022,20/06/2022,22/06/2022 10:00:00,23/06/2022
16/06/2022,1,Pendiente de publicar,17/06/2022,22/06/2022,1,17/06/2022,20/06/2022,22/06/2022 10:00:00,23/06/2022
17/06/2022,1,Pendiente de publicar,20/06/2022,23/06/2022,1,20/06/2022,20/06/2022,22/06/2022 10:00:00,23/06/2022
18/06/2022,1,Pendiente de publicar,20/06/2022,23/06/2022,1,20/06/2022,20/06/2022,22/06/2022 10:00:00,23/06/2022
19/06/2022,1,Pendiente de publicar,20/06/2022,23/06/2022,1,20/06/2022,20/06/2022,22/06/2022 10:00:00,23/06/2022
20/06/2022,1,Pendiente de publicar,21/06/2022,24/06/2022,1,21/06/2022,27/06/2022,29/06/2022 10:00:00,30/06/2022
21/06/2022,1,Pendiente de publicar,22/06/2022,27/06/2022,1,22/06/2022,27/06/2022,29/06/2022 10:00:00,30/06/2022
22/06/2022,1,Pendiente de publicar,23/06/2022,28/06/2022,1,23/06/2022,27/06/2022,29/06/2022 10:00:00,30/06/2022
23/06/2022,1,Pendiente de publicar,24/06/2022,29/06/2022,1,24/06/2022,27/06/2022,29/06/2022 10:00:00,30/06/2022
24/06/2022,1,Pendiente de publicar,27/06/2022,30/06/2022,1,27/06/2022,27/06/2022,29/06/2022 10:00:00,30/06/2022
25/06/2022,1,Pendiente de publicar,27/06/2022,30/06/2022,1,27/06/2022,27/06/2022,29/06/2022 10:00:00,30/06/2022
26/06/2022,1,Pendiente de publicar,27/06/2022,30/06/2022,1,27/06/2022,27/06/2022,29/06/2022 10:00:00,30/06/2022
27/06/2022,1,Pendiente de publicar,28/06/2022,01/07/2022,1,28/06/2022,04/07/2022,06/07/2022 10:00:00,07/07/2022
28/06/2022,1,Pendiente de publicar,29/06/2022,04/07/2022,1,29/06/2022,04/07/2022,06/07/2022 10:00:00,07/07/2022
29/06/2022,1,Pendiente de publicar,30/06/2022,05/07/2022,1,30/06/2022,04/07/2022,06/07/2022 10:00:00,07/07/2022
30/06/2022,1,Pendiente de publicar,01/07/2022,06/07/2022,1,01/07/2022,04/07/2022,06/07/2022 10:00:00,07/07/2022
01/07/2022,1,Pendiente de publicar,04/07/2022,07/07/2022,1,04/07/2022,04/07/2022,06/07/2022 10:00:00,07/07/2022
02/07/2022,1,Pendiente de publicar,04/07/2022,07/07/2022,1,04/07/2022,04/07/2022,06/07/2022 10:00:00,07/07/2022
03/07/2022,1,Pendiente de publicar,04/07/2022,07/07/2022,1,04/07/2022,04/07/2022,06/07/2022 10:00:00,07/07/2022
04/07/2022,1,Pendiente de publicar,05/07/2022,08/07/2022,1,05/07/2022,11/07/2022,13/07/2022 10:00:00,14/07/2022
05/07/2022,1,Pendiente de publicar,06/07/2022,11/07/2022,1,06/07/2022,11/07/2022,13/07/2022 10:00:00,14/07/2022
06/07/2022,1,Pendiente de publicar,07/07/2022,12/07/2022,1,07/07/2022,11/07/2022,13/07/2022 10:00:00,14/07/2022
07/07/2022,1,Pendiente de publicar,08/07/2022,13/07/2022,1,08/07/2022,11/07/2022,13/07/2022 10:00:00,14/07/2022
08/07/2022,1,Pendiente de publicar,11/07/2022,14/07/2022,1,11/07/2022,11/07/2022,13/07/2022 10:00:00,14/07/2022
09/07/2022,1,Pendiente de publicar,11/07/2022,14/07/2022,1,11/07/2022,11/07/2022,13/07/2022 10:00:00,14/07/2022
10/07/2022,1,Pendiente de publicar,11/07/2022,14/07/2022,1,11/07/2022,11/07/2022,13/07/2022 10:00:00,14/07/2022
11/07/2022,1,Pendiente de publicar,12/07/2022,15/07/2022,1,12/07/2022,18/07/2022,20/07/2022 10:00:00,21/07/2022
12/07/2022,1,Pendiente de publicar,13/07/2022,18/07/2022,1,13/07/2022,18/07/2022,20/07/2022 10:00:00,21/07/2022
13/07/2022,1,Pendiente de publicar,14/07/2022,19/07/2022,1,14/07/2022,18/07/2022,20/07/2022 10:00:00,21/07/2022
14/07/2022,1,Pendiente de publicar,15/07/2022,20/07/2022,1,15/07/2022,18/07/2022,20/07/2022 10:00:00,21/07/2022
15/07/2022,1,Pendiente de publicar,18/07/2022,21/07/2022,1,18/07/2022,18/07/2022,20/07/2022 10:00:00,21/07/2022
16/07/2022,1,Pendiente de publicar,18/07/2022,21/07/2022,1,18/07/2022,18/07/2022,20/07/2022 10:00:00,21/07/2022
17/07/2022,1,Pendiente de publicar,18/07/2022,21/07/2022,1,18/07/2022,18/07/2022,20/07/2022 10:00:00,21/07/2022
18/07/2022,1,Pendiente de publicar,19/07/2022,22/07/2022,1,19/07/2022,26/07/2022,28/07/2022 10:00:00,29/07/2022
19/07/2022,1,Pendiente de publicar,20/07/2022,26/07/2022,1,20/07/2022,26/07/2022,28/07/2022 10:00:00,29/07/2022
20/07/2022,1,Pendiente de publicar,21/07/2022,27/07/2022,1,21/07/2022,26/07/2022,28/07/2022 10:00:00,29/07/2022
21/07/2022,1,Pendiente de publicar,22/07/2022,28/07/2022,1,22/07/2022,26/07/2022,28/07/2022 10:00:00,29/07/2022
22/07/2022,1,Pendiente de publicar,26/07/2022,29/07/2022,1,26/07/2022,26/07/2022,28/07/2022 10:00:00,29/07/2022
23/07/2022,1,Pendiente de publicar,26/07/2022,29/07/2022,1,26/07/2022,26/07/2022,28/07/2022 10:00:00,29/07/2022
24/07/2022,1,Pendiente de publicar,26/07/2022,29/07/2022,1,26/07/2022,26/07/2022,28/07/2022 10:00:00,29/07/2022
25/07/2022,1,Pendiente de publicar,26/07/2022,29/07/2022,1,26/07/2022,01/08/2022,03/08/2022 10:00:00,04/08/2022
26/07/2022,1,Pendiente de publicar,27/07/2022,01/08/2022,1,27/07/2022,01/08/2022,03/08/2022 10:00:00,04/08/2022
27/07/2022,1,Pendiente de publicar,28/07/2022,02/08/2022,1,28/07/2022,01/08/2022,03/08/2022 10:00:00,04/08/2022
28/07/2022,1,Pendiente de publicar,29/07/2022,03/08/2022,1,29/07/2022,01/08/2022,03/08/2022 10:00:00,04/08/2022
29/07/2022,1,Pendiente de publicar,01/08/2022,04/08/2022,1,01/08/2022,01/08/2022,03/08/2022 10:00:00,04/08/2022
30/07/2022,1,Pendiente de publicar,01/08/2022,04/08/2022,1,01/08/2022,01/08/2022,03/08/2022 10:00:00,04/08/2022
31/07/2022,1,Pendiente de publicar,01/08/2022,04/08/2022,1,01/08/2022,01/08/2022,03/08/2022 10:00:00,04/08/2022
01/08/2022,1,Pendiente de publicar,02/08/2022,05/08/2022,1,02/08/2022,08/08/2022,10/08/2022 10:00:00,11/08/2022
02/08/2022,1,Pendiente de publicar,03/08/2022,08/08/2022,1,03/08/2022,08/08/2022,10/08/2022 10:00:00,11/08/2022
03/08/2022,1,Pendiente de publicar,04/08/2022,09/08/2022,1,04/08/2022,08/08/2022,10/08/2022 10:00:00,11/08/2022
04/08/2022,1,Pendiente de publicar,05/08/2022,10/08/2022,1,05/08/2022,08/08/2022,10/08/2022 10:00:00,11/08/2022
05/08/2022,1,Pendiente de publicar,08/08/2022,11/08/2022,1,08/08/2022,08/08/2022,10/08/2022 10:00:00,11/08/2022
06/08/2022,1,Pendiente de publicar,08/08/2022,11/08/2022,1,08/08/2022,08/08/2022,10/08/2022 10:00:00,11/08/2022
07/08/2022,1,Pendiente de publicar,08/08/2022,11/08/2022,1,08/08/2022,08/08/2022,10/08/2022 10:00:00,11/08/2022
08/08/2022,1,Pendiente de publicar,09/08/2022,12/08/2022,1,09/08/2022,16/08/2022,18/08/2022 10:00:00,19/08/2022
09/08/2022,1,Pendiente de publicar,10/08/2022,16/08/2022,1,10/08/2022,16/08/2022,18/08/2022 10:00:00,19/08/2022
10/08/2022,1,Pendiente de publicar,11/08/2022,17/08/2022,1,11/08/2022,16/08/2022,18/08/2022 10:00:00,19/08/2022
11/08/2022,1,Pendiente de publicar,12/08/2022,18/08/2022,1,12/08/2022,16/08/2022,18/08/2022 10:00:00,19/08/2022
12/08/2022,1,Pendiente de publicar,16/08/2022,19/08/2022,1,16/08/2022,16/08/2022,18/08/2022 10:00:00,19/08/2022
13/08/2022,1,Pendiente de publicar,16/08/2022,19/08/2022,1,16/08/2022,16/08/2022,18/08/2022 10:00:00,19/08/2022
14/08/2022,1,Pendiente de publicar,16/08/2022,19/08/2022,1,16/08/2022,16/08/2022,18/08/2022 10:00:00,19/08/2022
15/08/2022,1,Pendiente de publicar,16/08/2022,19/08/2022,1,16/08/2022,22/08/2022,24/08/2022 10:00:00,25/08/2022
16/08/2022,1,Pendiente de publicar,17/08/2022,22/08/2022,1,17/08/2022,22/08/2022,24/08/2022 10:00:00,25/08/2022
17/08/2022,1,Pendiente de publicar,18/08/2022,23/08/2022,1,18/08/2022,22/08/2022,24/08/2022 10:00:00,25/08/2022
18/08/2022,1,Pendiente de publicar,19/08/2022,24/08/2022,1,19/08/2022,22/08/2022,24/08/2022 10:00:00,25/08/2022
19/08/2022,1,Pendiente de publicar,22/08/2022,25/08/2022,1,22/08/2022,22/08/2022,24/08/2022 10:00:00,25/08/2022
20/08/2022,1,Pendiente de publicar,22/08/2022,25/08/2022,1,22/08/2022,22/08/2022,24/08/2022 10:00:00,25/08/2022
21/08/2022,1,Pendiente de publicar,22/08/2022,25/08/2022,1,22/08/2022,22/08/2022,24/08/2022 10:00:00,25/08/2022
22/08/2022,1,Pendiente de publicar,23/08/2022,26/08/2022,1,23/08/2022,29/08/2022,31/08/2022 10:00:00,01/09/2022
23/08/2022,1,Pendiente de publicar,24/08/2022,29/08/2022,1,24/08/2022,29/08/2022,31/08/2022 10:00:00,01/09/2022
24/08/2022,1,Pendiente de publicar,25/08/2022,30/08/2022,1,25/08/2022,29/08/2022,31/08/2022 10:00:00,01/09/2022
25/08/2022,1,Pendiente de publicar,26/08/2022,31/08/2022,1,26/08/2022,29/08/2022,31/08/2022 10:00:00,01/09/2022
26/08/2022,1,Pendiente de publicar,29/08/2022,01/09/2022,1,29/08/2022,29/08/2022,31/08/2022 10:00:00,01/09/2022
27/08/2022,1,Pendiente de publicar,29/08/2022,01/09/2022,1,29/08/2022,29/08/2022,31/08/2022 10:00:00,01/09/2022
28/08/2022,1,Pendiente de publicar,29/08/2022,01/09/2022,1,29/08/2022,29/08/2022,31/08/2022 10:00:00,01/09/2022
29/08/2022,1,Pendiente de publicar,30/08/2022,02/09/2022,1,30/08/2022,05/09/2022,07/09/2022 10:00:00,08/09/2022
30/08/2022,1,Pendiente de publicar,31/08/2022,05/09/2022,1,31/08/2022,05/09/2022,07/09/2022 10:00:00,08/09/2022
31/08/2022,1,Pendiente de publicar,01/09/2022,06/09/2022,1,01/09/2022,05/09/2022,07/09/2022 10:00:00,08/09/2022
01/09/2022,1,Pendiente de publicar,02/09/2022,07/09/2022,1,02/09/2022,05/09/2022,07/09/2022 10:00:00,08/09/2022
02/09/2022,1,Pendiente de publicar,05/09/2022,08/09/2022,1,05/09/2022,05/09/2022,07/09/2022 10:00:00,08/09/2022
03/09/2022,1,Pendiente de publicar,05/09/2022,08/09/2022,1,05/09/2022,05/09/2022,07/09/2022 10:00:00,08/09/2022
04/09/2022,1,Pendiente de publicar,05/09/2022,08/09/2022,1,05/09/2022,05/09/2022,07/09/2022 10:00:00,08/09/2022
05/09/2022,1,Pendiente de publicar,06/09/2022,09/09/2022,1,06/09/2022,12/09/2022,14/09/2022 10:00:00,15/09/2022
06/09/2022,1,Pendiente de publicar,07/09/2022,12/09/2022,1,07/09/2022,12/09/2022,14/09/2022 10:00:00,15/09/2022
07/09/2022,1,Pendiente de publicar,08/09/2022,13/09/2022,1,08/09/2022,12/09/2022,14/09/2022 10:00:00,15/09/2022
08/09/2022,1,Pendiente de publicar,09/09/2022,14/09/2022,1,09/09/2022,12/09/2022,14/09/2022 10:00:00,15/09/2022
09/09/2022,1,Pendiente de publicar,12/09/2022,15/09/2022,1,12/09/2022,12/09/2022,14/09/2022 10:00:00,15/09/2022
10/09/2022,1,Pendiente de publicar,12/09/2022,15/09/2022,1,12/09/2022,12/09/2022,14/09/2022 10:00:00,15/09/2022
11/09/2022,1,Pendiente de publicar,12/09/2022,15/09/2022,1,12/09/2022,12/09/2022,14/09/2022 10:00:00,15/09/2022
12/09/2022,1,Pendiente de publicar,13/09/2022,16/09/2022,1,13/09/2022,19/09/2022,21/09/2022 10:00:00,22/09/2022
13/09/2022,1,Pendiente de publicar,14/09/2022,19/09/2022,1,14/09/2022,19/09/2022,21/09/2022 10:00:00,22/09/2022
14/09/2022,1,Pendiente de publicar,15/09/2022,20/09/2022,1,15/09/2022,19/09/2022,21/09/2022 10:00:00,22/09/2022
15/09/2022,1,Pendiente de publicar,16/09/2022,21/09/2022,1,16/09/2022,19/09/2022,21/09/2022 10:00:00,22/09/2022
16/09/2022,1,Pendiente de publicar,19/09/2022,22/09/2022,1,19/09/2022,19/09/2022,21/09/2022 10:00:00,22/09/2022
17/09/2022,1,Pendiente de publicar,19/09/2022,22/09/2022,1,19/09/2022,19/09/2022,21/09/2022 10:00:00,22/09/2022
18/09/2022,1,Pendiente de publicar,19/09/2022,22/09/2022,1,19/09/2022,19/09/2022,21/09/2022 10:00:00,22/09/2022
19/09/2022,1,Pendiente de publicar,20/09/2022,23/09/2022,1,20/09/2022,26/09/2022,28/09/2022 10:00:00,29/09/2022
20/09/2022,1,Pendiente de publicar,21/09/2022,26/09/2022,1,21/09/2022,26/09/2022,28/09/2022 10:00:00,29/09/2022
21/09/2022,1,Pendiente de publicar,22/09/2022,27/09/2022,1,22/09/2022,26/09/2022,28/09/2022 10:00:00,29/09/2022
22/09/2022,1,Pendiente de publicar,23/09/2022,28/09/2022,1,23/09/2022,26/09/2022,28/09/2022 10:00:00,29/09/2022
23/09/2022,1,Pendiente de publicar,26/09/2022,29/09/2022,1,26/09/2022,26/09/2022,28/09/2022 10:00:00,29/09/2022
24/09/2022,1,Pendiente de publicar,26/09/2022,29/09/2022,1,26/09/2022,26/09/2022,28/09/2022 10:00:00,29/09/2022
25/09/2022,1,Pendiente de publicar,26/09/2022,29/09/2022,1,26/09/2022,26/09/2022,28/09/2022 10:00:00,29/09/2022
26/09/2022,1,Pendiente de publicar,27/09/2022,30/09/2022,1,27/09/2022,03/10/2022,05/10/2022 10:00:00,06/10/2022
27/09/2022,1,Pendiente de publicar,28/09/2022,03/10/2022,1,28/09/2022,03/10/2022,05/10/2022 10:00:00,06/10/2022
28/09/2022,1,Pendiente de publicar,29/09/2022,04/10/2022,1,29/09/2022,03/10/2022,05/10/2022 10:00:00,06/10/2022
29/09/2022,1,Pendiente de publicar,30/09/2022,05/10/2022,1,30/09/2022,03/10/2022,05/10/2022 10:00:00,06/10/2022
30/09/2022,1,Pendiente de publicar,03/10/2022,06/10/2022,1,03/10/2022,03/10/2022,05/10/2022 10:00:00,06/10/2022
01/10/2022,1,Pendiente de publicar,03/10/2022,06/10/2022,1,03/10/2022,03/10/2022,05/10/2022 10:00:00,06/10/2022
02/10/2022,1,Pendiente de publicar,03/10/2022,06/10/2022,1,03/10/2022,03/10/2022,05/10/2022 10:00:00,06/10/2022
03/10/2022,1,Pendiente de publicar,04/10/2022,07/10/2022,1,04/10/2022,10/10/2022,13/10/2022 10:00:00,14/10/2022
04/10/2022,1,Pendiente de publicar,05/10/2022,10/10/2022,1,05/10/2022,10/10/2022,13/10/2022 10:00:00,14/10/2022
05/10/2022,1,Pendiente de publicar,06/10/2022,11/10/2022,1,06/10/2022,10/10/2022,13/10/2022 10:00:00,14/10/2022
06/10/2022,1,Pendiente de publicar,07/10/2022,13/10/2022,1,07/10/2022,10/10/2022,13/10/2022 10:00:00,14/10/2022
07/10/2022,1,Pendiente de publicar,10/10/2022,14/10/2022,1,10/10/2022,10/10/2022,13/10/2022 10:00:00,14/10/2022
08/10/2022,1,Pendiente de publicar,10/10/2022,14/10/2022,1,10/10/2022,10/10/2022,13/10/2022 10:00:00,14/10/2022
09/10/2022,1,Pendiente de publicar,10/10/2022,14/10/2022,1,10/10/2022,10/10/2022,13/10/2022 10:00:00,14/10/2022
10/10/2022,1,Pendiente de publicar,11/10/2022,17/10/2022,1,11/10/2022,17/10/2022,19/10/2022 10:00:00,20/10/2022
11/10/2022,1,Pendiente de publicar,13/10/2022,18/10/2022,1,13/10/2022,17/10/2022,19/10/2022 10:00:00,20/10/2022
12/10/2022,1,Pendiente de publicar,13/10/2022,18/10/2022,1,13/10/2022,17/10/2022,19/10/2022 10:00:00,20/10/2022
13/10/2022,1,Pendiente de publicar,14/10/2022,19/10/2022,1,14/10/2022,17/10/2022,19/10/2022 10:00:00,20/10/2022
14/10/2022,1,Pendiente de publicar,17/10/2022,20/10/2022,1,17/10/2022,17/10/2022,19/10/2022 10:00:00,20/10/2022
15/10/2022,1,Pendiente de publicar,17/10/2022,20/10/2022,1,17/10/2022,17/10/2022,19/10/2022 10:00:00,20/10/2022
16/10/2022,1,Pendiente de publicar,17/10/2022,20/10/2022,1,17/10/2022,17/10/2022,19/10/2022 10:00:00,20/10/2022
17/10/2022,1,Pendiente de publicar,18/10/2022,21/10/2022,1,18/10/2022,24/10/2022,26/10/2022 10:00:00,27/10/2022
18/10/2022,1,Pendiente de publicar,19/10/2022,24/10/2022,1,19/10/2022,24/10/2022,26/10/2022 10:00:00,27/10/2022
19/10/2022,1,Pendiente de publicar,20/10/2022,25/10/2022,1,20/10/2022,24/10/2022,26/10/2022 10:00:00,27/10/2022
20/10/2022,1,Pendiente de publicar,21/10/2022,26/10/2022,1,21/10/2022,24/10/2022,26/10/2022 10:00:00,27/10/2022
21/10/2022,1,Pendiente de publicar,24/10/2022,27/10/2022,1,24/10/2022,24/10/2022,26/10/2022 10:00:00,27/10/2022
22/10/2022,1,Pendiente de publicar,24/10/2022,27/10/2022,1,24/10/2022,24/10/2022,26/10/2022 10:00:00,27/10/2022
23/10/2022,1,Pendiente de publicar,24/10/2022,27/10/2022,1,24/10/2022,24/10/2022,26/10/2022 10:00:00,27/10/2022
24/10/2022,1,Pendiente de publicar,25/10/2022,28/10/2022,1,25/10/2022,31/10/2022,03/11/2022 10:00:00,04/11/2022
25/10/2022,1,Pendiente de publicar,26/10/2022,31/10/2022,1,26/10/2022,31/10/2022,03/11/2022 10:00:00,04/11/2022
26/10/2022,1,Pendiente de publicar,27/10/2022,02/11/2022,1,27/10/2022,31/10/2022,03/11/2022 10:00:00,04/11/2022
27/10/2022,1,Pendiente de publicar,28/10/2022,03/11/2022,1,28/10/2022,31/10/2022,03/11/2022 10:00:00,04/11/2022
28/10/2022,1,Pendiente de publicar,31/10/2022,04/11/2022,1,31/10/2022,31/10/2022,03/11/2022 10:00:00,04/11/2022
29/10/2022,1,Pendiente de publicar,31/10/2022,04/11/2022,1,31/10/2022,31/10/2022,03/11/2022 10:00:00,04/11/2022
30/10/2022,1,Pendiente de publicar,31/10/2022,04/11/2022,1,31/10/2022,31/10/2022,03/11/2022 10:00:00,04/11/2022
31/10/2022,1,Pendiente de publicar,02/11/2022,07/11/2022,1,02/11/2022,07/11/2022,10/11/2022 10:00:00,11/11/2022
01/11/2022,1,Pendiente de publicar,02/11/2022,07/11/2022,1,02/11/2022,07/11/2022,10/11/2022 10:00:00,11/11/2022
02/11/2022,1,Pendiente de publicar,03/11/2022,08/11/2022,1,03/11/2022,07/11/2022,10/11/2022 10:00:00,11/11/2022
03/11/2022,1,Pendiente de publicar,04/11/2022,10/11/2022,1,04/11/2022,07/11/2022,10/11/2022 10:00:00,11/11/2022
04/11/2022,1,Pendiente de publicar,07/11/2022,11/11/2022,1,07/11/2022,07/11/2022,10/11/2022 10:00:00,11/11/2022
05/11/2022,1,Pendiente de publicar,07/11/2022,11/11/2022,1,07/11/2022,07/11/2022,10/11/2022 10:00:00,11/11/2022
06/11/2022,1,Pendiente de publicar,07/11/2022,11/11/2022,1,07/11/2022,07/11/2022,10/11/2022 10:00:00,11/11/2022
07/11/2022,1,Pendiente de publicar,08/11/2022,14/11/2022,1,08/11/2022,14/11/2022,16/11/2022 10:00:00,17/11/2022
08/11/2022,1,Pendiente de publicar,10/11/2022,15/11/2022,1,10/11/2022,14/11/2022,16/11/2022 10:00:00,17/11/2022
09/11/2022,1,Pendiente de publicar,10/11/2022,15/11/2022,1,10/11/2022,14/11/2022,16/11/2022 10:00:00,17/11/2022
10/11/2022,1,Pendiente de publicar,11/11/2022,16/11/2022,1,11/11/2022,14/11/2022,16/11/2022 10:00:00,17/11/2022
11/11/2022,1,Pendiente de publicar,14/11/2022,17/11/2022,1,14/11/2022,14/11/2022,16/11/2022 10:00:00,17/11/2022
12/11/2022,1,Pendiente de publicar,14/11/2022,17/11/2022,1,14/11/2022,14/11/2022,16/11/2022 10:00:00,17/11/2022
13/11/2022,1,Pendiente de publicar,14/11/2022,17/11/2022,1,14/11/2022,14/11/2022,16/11/2022 10:00:00,17/11/2022
14/11/2022,1,Pendiente de publicar,15/11/2022,18/11/2022,1,15/11/2022,21/11/2022,23/11/2022 10:00:00,24/11/2022
15/11/2022,1,Pendiente de publicar,16/11/2022,21/11/2022,1,16/11/2022,21/11/2022,23/11/2022 10:00:00,24/11/2022
16/11/2022,1,Pendiente de publicar,17/11/2022,22/11/2022,1,17/11/2022,21/11/2022,23/11/2022 10:00:00,24/11/2022
17/11/2022,1,Pendiente de publicar,18/11/2022,23/11/2022,1,18/11/2022,21/11/2022,23/11/2022 10:00:00,24/11/2022
18/11/2022,1,Pendiente de publicar,21/11/2022,24/11/2022,1,21/11/2022,21/11/2022,23/11/2022 10:00:00,24/11/2022
19/11/2022,1,Pendiente de publicar,21/11/2022,24/11/2022,1,21/11/2022,21/11/2022,23/11/2022 10:00:00,24/11/2022
20/11/2022,1,Pendiente de publicar,21/11/2022,24/11/2022,1,21/11/2022,21/11/2022,23/11/2022 10:00:00,24/11/2022
21/11/2022,1,Pendiente de publicar,22/11/2022,25/11/2022,1,22/11/2022,28/11/2022,30/11/2022 10:00:00,01/12/2022
22/11/2022,1,Pendiente de publicar,23/11/2022,28/11/2022,1,23/11/2022,28/11/2022,30/11/2022 10:00:00,01/12/2022
23/11/2022,1,Pendiente de publicar,24/11/2022,29/11/2022,1,24/11/2022,28/11/2022,30/11/2022 10:00:00,01/12/2022
24/11/2022,1,Pendiente de publicar,25/11/2022,30/11/2022,1,25/11/2022,28/11/2022,30/11/2022 10:00:00,01/12/2022
25/11/2022,1,Pendiente de publicar,28/11/2022,01/12/2022,1,28/11/2022,28/11/2022,30/11/2022 10:00:00,01/12/2022
26/11/2022,1,Pendiente de publicar,28/11/2022,01/12/2022,1,28/11/2022,28/11/2022,30/11/2022 10:00:00,01/12/2022
27/11/2022,1,Pendiente de publicar,28/11/2022,01/12/2022,1,28/11/2022,28/11/2022,30/11/2022 10:00:00,01/12/2022
28/11/2022,1,Pendiente de publicar,29/11/2022,02/12/2022,1,29/11/2022,05/12/2022,09/12/2022 10:00:00,12/12/2022
29/11/2022,1,Pendiente de publicar,30/11/2022,05/12/2022,1,30/11/2022,05/12/2022,09/12/2022 10:00:00,12/12/2022
30/11/2022,1,Pendiente de publicar,01/12/2022,07/12/2022,1,01/12/2022,05/12/2022,09/12/2022 10:00:00,12/12/2022
01/12/2022,1,Pendiente de publicar,02/12/2022,09/12/2022,1,02/12/2022,05/12/2022,09/12/2022 10:00:00,12/12/2022
02/12/2022,1,Pendiente de publicar,05/12/2022,12/12/2022,1,05/12/2022,05/12/2022,09/12/2022 10:00:00,12/12/2022
03/12/2022,1,Pendiente de publicar,05/12/2022,12/12/2022,1,05/12/2022,05/12/2022,09/12/2022 10:00:00,12/12/2022
04/12/2022,1,Pendiente de publicar,05/12/2022,12/12/2022,1,05/12/2022,05/12/2022,09/12/2022 10:00:00,12/12/2022
05/12/2022,1,Pendiente de publicar,07/12/2022,13/12/2022,1,07/12/2022,12/12/2022,14/12/2022 10:00:00,15/12/2022
06/12/2022,1,Pendiente de publicar,07/12/2022,13/12/2022,1,07/12/2022,12/12/2022,14/12/2022 10:00:00,15/12/2022
07/12/2022,1,Pendiente de publicar,09/12/2022,14/12/2022,1,09/12/2022,12/12/2022,14/12/2022 10:00:00,15/12/2022
08/12/2022,1,Pendiente de publicar,09/12/2022,14/12/2022,1,09/12/2022,12/12/2022,14/12/2022 10:00:00,15/12/2022
09/12/2022,1,Pendiente de publicar,12/12/2022,15/12/2022,1,12/12/2022,12/12/2022,14/12/2022 10:00:00,15/12/2022
10/12/2022,1,Pendiente de publicar,12/12/2022,15/12/2022,1,12/12/2022,12/12/2022,14/12/2022 10:00:00,15/12/2022
11/12/2022,1,Pendiente de publicar,12/12/2022,15/12/2022,1,12/12/2022,12/12/2022,14/12/2022 10:00:00,15/12/2022
12/12/2022,1,Pendiente de publicar,13/12/2022,16/12/2022,1,13/12/2022,19/12/2022,21/12/2022 10:00:00,22/12/2022
13/12/2022,1,Pendiente de publicar,14/12/2022,19/12/2022,1,14/12/2022,19/12/2022,21/12/2022 10:00:00,22/12/2022
14/12/2022,1,Pendiente de publicar,15/12/2022,20/12/2022,1,15/12/2022,19/12/2022,21/12/2022 10:00:00,22/12/2022
15/12/2022,1,Pendiente de publicar,16/12/2022,21/12/2022,1,16/12/2022,19/12/2022,21/12/2022 10:00:00,22/12/2022
16/12/2022,1,Pendiente de publicar,19/12/2022,22/12/2022,1,19/12/2022,19/12/2022,21/12/2022 10:00:00,22/12/2022
17/12/2022,1,Pendiente de publicar,19/12/2022,22/12/2022,1,19/12/2022,19/12/2022,21/12/2022 10:00:00,22/12/2022
18/12/2022,1,Pendiente de publicar,19/12/2022,22/12/2022,1,19/12/2022,19/12/2022,21/12/2022 10:00:00,22/12/2022
19/12/2022,1,Pendiente de publicar,20/12/2022,23/12/2022,1,20/12/2022,27/12/2022,29/12/2022 10:00:00,30/12/2022
20/12/2022,1,Pendiente de publicar,21/12/2022,27/12/2022,1,21/12/2022,27/12/2022,29/12/2022 10:00:00,30/12/2022
21/12/2022,1,Pendiente de publicar,22/12/2022,28/12/2022,1,22/12/2022,27/12/2022,29/12/2022 10:00:00,30/12/2022
22/12/2022,1,Pendiente de publicar,23/12/2022,29/12/2022,1,23/12/2022,27/12/2022,29/12/2022 10:00:00,30/12/2022
23/12/2022,1,Pendiente de publicar,27/12/2022,30/12/2022,1,27/12/2022,27/12/2022,29/12/2022 10:00:00,30/12/2022
24/12/2022,1,Pendiente de publicar,27/12/2022,30/12/2022,1,27/12/2022,27/12/2022,29/12/2022 10:00:00,30/12/2022
25/12/2022,1,Pendiente de publicar,27/12/2022,30/12/2022,1,27/12/2022,27/12/2022,29/12/2022 10:00:00,30/12/2022
26/12/2022,1,Pendiente de publicar,27/12/2022,30/12/2022,1,27/12/2022,03/01/2023,05/01/2023 10:00:00,09/01/2023
27/12/2022,1,Pendiente de publicar,28/12/2022,03/01/2023,1,28/12/2022,03/01/2023,05/01/2023 10:00:00,09/01/2023
28/12/2022,1,Pendiente de publicar,29/12/2022,04/01/2023,1,29/12/2022,03/01/2023,05/01/2023 10:00:00,09/01/2023
29/12/2022,1,Pendiente de publicar,30/12/2022,05/01/2023,1,30/12/2022,03/01/2023,05/01/2023 10:00:00,09/01/2023
30/12/2022,1,Pendiente de publicar,03/01/2023,09/01/2023,1,03/01/2023,03/01/2023,05/01/2023 10:00:00,09/01/2023
31/12/2022,1,Pendiente de publicar,03/01/2023,09/01/2023,1,03/01/2023,03/01/2023,05/01/2023 10:00:00,09/01/2023